Date,NAV
2015-11-23,13.6444
2015-11-24,13.6275
2015-11-25,13.6306
2015-11-26,13.6351
2015-11-27,13.6382
2015-11-28,13.6413
2015-11-29,13.6444
2015-11-30,13.6474
2015-12-01,13.6305
2015-12-02,13.635
2015-12-03,13.638
2015-12-04,13.6411
2015-12-05,13.6441
2015-12-06,13.6471
2015-12-07,13.6502
2015-12-08,13.6333
2015-12-09,13.6378
2015-12-10,13.6408
2015-12-11,13.6439
2015-12-12,13.6469
2015-12-13,13.6499
2015-12-14,13.6528
2015-12-15,13.6359
2015-12-16,13.6405
2015-12-17,13.6435
2015-12-18,13.6465
2015-12-19,13.6496
2015-12-20,13.6527
2015-12-21,13.6557
2015-12-22,13.6387
2015-12-23,13.6432
2015-12-24,13.6462
2015-12-25,13.6493
2015-12-26,13.6523
2015-12-27,13.6553
2015-12-28,13.6578
2015-12-29,13.6408
2015-12-30,13.6452
2015-12-31,13.6483
2016-01-01,13.6512
2016-01-02,13.6542
2016-01-03,13.6572
2016-01-04,13.6601
2016-01-05,13.6432
2016-01-06,13.6461
2016-01-07,13.6491
2016-01-08,13.6521
2016-01-09,13.655
2016-01-10,13.6579
2016-01-11,13.6609
2016-01-12,13.644
2016-01-13,13.647
2016-01-14,13.65
2016-01-15,13.6559
2016-01-16,13.6589
2016-01-17,13.6619
2016-01-18,13.665
2016-01-19,13.6481
2016-01-20,13.6512
2016-01-21,13.6541
2016-01-22,13.6586
2016-01-23,13.6616
2016-01-24,13.6646
2016-01-25,13.6675
2016-01-26,13.6705
2016-01-27,13.6532
2016-01-28,13.6562
2016-01-29,13.6607
2016-02-01,13.6696
2016-02-02,13.6528
2016-02-03,13.6557
2016-02-04,13.6602
2016-02-05,13.6632
2016-02-08,13.6724
2016-02-09,13.6557
2016-02-10,13.6587
2016-02-11,13.6618
2016-02-12,13.6648
2016-02-13,13.6679
2016-02-14,13.671
2016-02-15,13.674
2016-02-16,13.6572
2016-02-17,13.6602
2016-02-18,13.6661
2016-02-19,13.6691
2016-02-22,13.6782
2016-02-23,13.6613
2016-02-24,13.6643
2016-02-25,13.6674
2016-02-26,13.6703
2016-02-29,13.6799
2016-03-01,13.6629
2016-03-02,13.666
2016-03-03,13.6691
2016-03-04,13.672
2016-03-05,13.6751
2016-03-06,13.6782
2016-03-07,13.6811
2016-03-08,13.664
2016-03-09,13.6671
2016-03-10,13.67
2016-03-11,13.6731
2016-03-14,13.6823
2016-03-15,13.6654
2016-03-16,13.6686
2016-03-17,13.6718
2016-03-18,13.675
2016-03-19,13.6781
2016-03-20,13.6812
2016-03-21,13.6841
2016-03-22,13.6673
2016-03-23,13.6705
2016-03-24,13.6737
2016-03-25,13.6769
2016-03-26,13.6801
2016-03-27,13.6833
2016-03-28,13.6861
2016-03-29,13.6689
2016-03-30,13.6721
2016-03-31,13.6754
2016-04-01,13.6787
2016-04-02,13.682
2016-04-03,13.6853
2016-04-04,13.6883
2016-04-05,13.6715
2016-04-06,13.6747
2016-04-07,13.6777
2016-04-08,13.6808
2016-04-09,13.6838
2016-04-10,13.6868
2016-04-11,13.69
2016-04-12,13.6731
2016-04-13,13.6762
2016-04-18,13.6921
2016-04-19,13.6952
2016-04-20,13.6784
2016-04-21,13.6816
2016-04-22,13.6847
2016-04-23,13.6878
2016-04-24,13.6909
2016-04-25,13.6941
2016-04-26,13.6772
2016-04-27,13.68
2016-04-28,13.6822
2016-04-29,13.6853
2016-04-30,13.6884
2016-05-01,13.6915
2016-05-02,13.6946
2016-05-03,13.6782
2016-05-04,13.6814
2016-05-05,13.6857
2016-05-06,13.6889
2016-05-07,13.6922
2016-05-09,13.6985
2016-05-10,13.6822
2016-05-11,13.6868
2016-05-12,13.69
2016-05-13,13.6932
2016-05-14,13.6963
2016-05-15,13.6994
2016-05-16,13.7027
2016-05-17,13.6863
2016-05-18,13.6908
2016-05-19,13.6939
2016-05-20,13.6969
2016-05-21,13.6999
2016-05-22,13.7029
2016-05-23,13.706
2016-05-24,13.6895
2016-05-25,13.6936
2016-05-26,13.6967
2016-05-27,13.6997
2016-05-28,13.7028
2016-05-29,13.7059
2016-05-30,13.7088
2016-05-31,13.6924
2016-06-01,13.6956
2016-06-02,13.7001
2016-06-03,13.7032
2016-06-04,13.7063
2016-06-05,13.7094
2016-06-06,13.7125
2016-06-07,13.6962
2016-06-08,13.6993
2016-06-09,13.7025
2016-06-10,13.7055
2016-06-11,13.7085
2016-06-12,13.7115
2016-06-13,13.716
2016-06-14,13.6995
2016-06-15,13.7025
2016-06-16,13.7069
2016-06-17,13.7098
2016-06-18,13.7128
2016-06-19,13.7158
2016-06-20,13.7191
2016-06-21,13.7022
2016-06-22,13.7063
2016-06-23,13.7093
2016-06-24,13.7122
2016-06-25,13.7152
2016-06-26,13.7182
2016-06-27,13.7213
2016-06-28,13.7051
2016-06-29,13.7094
2016-06-30,13.7124
2016-07-01,13.7158
2016-07-02,13.7187
2016-07-03,13.7216
2016-07-04,13.7247
2016-07-05,13.7083
2016-07-06,13.7113
2016-07-07,13.7142
2016-07-08,13.7171
2016-07-09,13.72
2016-07-10,13.7229
2016-07-11,13.726
2016-07-12,13.7095
2016-07-13,13.7126
2016-07-14,13.7155
2016-07-15,13.7193
2016-07-16,13.7222
2016-07-17,13.7251
2016-07-18,13.7279
2016-07-19,13.7114
2016-07-20,13.7143
2016-07-21,13.7172
2016-07-22,13.7196
2016-07-23,13.7224
2016-07-24,13.7252
2016-07-25,13.7279
2016-07-26,13.7112
2016-07-27,13.7139
2016-07-28,13.7164
2016-07-29,13.7193
2016-07-30,13.7221
2016-07-31,13.7249
2016-08-01,13.7276
2016-08-02,13.7111
2016-08-03,13.7134
2016-08-04,13.7161
2016-08-05,13.7188
2016-08-06,13.7214
2016-08-07,13.724
2016-08-08,13.7267
2016-08-09,13.7102
2016-08-10,13.713
2016-08-11,13.7159
2016-08-12,13.7202
2016-08-13,13.7231
2016-08-14,13.726
2016-08-15,13.7288
2016-08-16,13.7125
2016-08-17,13.7154
2016-08-18,13.7153
2016-08-19,13.7178
2016-08-20,13.7203
2016-08-21,13.7228
2016-08-22,13.7256
2016-08-23,13.7092
2016-08-24,13.712
2016-08-25,13.7136
2016-08-26,13.7164
2016-08-27,13.7191
2016-08-28,13.7218
2016-08-29,13.7243
2016-08-30,13.7079
2016-08-31,13.7096
2016-09-01,13.7124
2016-09-02,13.7152
2016-09-03,13.7181
2016-09-04,13.721
2016-09-05,13.7236
2016-09-06,13.7073
2016-09-07,13.71
2016-09-08,13.7118
2016-09-09,13.7146
2016-09-10,13.7173
2016-09-11,13.72
2016-09-12,13.7229
2016-09-13,13.7256
2016-09-14,13.709
2016-09-15,13.7117
2016-09-16,13.7142
2016-09-17,13.7168
2016-09-18,13.7194
2016-09-19,13.7219
2016-09-20,13.7026
2016-09-21,13.7054
2016-09-22,13.7075
2016-09-23,13.7101
2016-09-24,13.7127
2016-09-25,13.7153
2016-09-26,13.7167
2016-09-27,13.6986
2016-09-28,13.7012
2016-09-29,13.7038
2016-09-30,13.7055
2016-10-01,13.7082
2016-10-02,13.7107
2016-10-03,13.7135
2016-10-04,13.6956
2016-10-05,13.6972
2016-10-06,13.6998
2016-10-07,13.7025
2016-10-08,13.7052
2016-10-09,13.7079
2016-10-10,13.7105
2016-10-11,13.7132
2016-10-12,13.7159
2016-10-13,13.6977
2016-10-14,13.6994
2016-10-15,13.7021
2016-10-16,13.7048
2016-10-17,13.7074
2016-10-18,13.6893
2016-10-19,13.692
2016-10-20,13.6948
2016-10-21,13.6967
2016-10-22,13.6995
2016-10-23,13.7023
2016-10-24,13.7052
2016-10-25,13.6873
2016-10-26,13.689
2016-10-27,13.6919
2016-10-28,13.6947
2016-10-29,13.6975
2016-10-31,13.7031
2016-11-01,13.6852
2016-11-02,13.687
2016-11-03,13.6898
2016-11-04,13.6926
2016-11-05,13.6953
2016-11-06,13.698
2016-11-07,13.7008
2016-11-08,13.6828
2016-11-09,13.6856
2016-11-10,13.6874
2016-11-11,13.6902
2016-11-12,13.693
2016-11-13,13.6958
2016-11-14,13.6987
2016-11-15,13.6807
2016-11-16,13.6823
2016-11-17,13.6851
2016-11-18,13.6879
2016-11-19,13.6907
2016-11-20,13.6935
2016-11-21,13.6963
2016-11-22,13.6784
2016-11-23,13.6813
2016-11-24,13.6831
2016-11-25,13.6859
2016-11-26,13.6888
2016-11-27,13.6917
2016-11-28,13.6945
2016-11-29,13.6767
2016-11-30,13.6783
2016-12-01,13.681
2016-12-02,13.6837
2016-12-05,13.6917
2016-12-06,13.6738
2016-12-07,13.6765
2016-12-08,13.6792
2016-12-09,13.6818
2016-12-10,13.6844
2016-12-11,13.687
2016-12-12,13.6896
2016-12-13,13.6713
2016-12-14,13.674
2016-12-15,13.6767
2016-12-16,13.6793
2016-12-19,13.6874
2016-12-20,13.6675
2016-12-21,13.6691
2016-12-22,13.6718
2016-12-23,13.6745
2016-12-24,13.6772
2016-12-25,13.6799
2016-12-26,13.6826
2016-12-27,13.6644
2016-12-28,13.6671
2016-12-29,13.6688
2016-12-30,13.6714
2016-12-31,13.6741
2017-01-01,13.6768
2017-01-02,13.708
2017-01-03,13.6901
2017-01-04,13.6917
2017-01-05,13.6944
2017-01-06,13.697
2017-01-07,13.6996
2017-01-08,13.7022
2017-01-09,13.7049
2017-01-10,13.687
2017-01-11,13.6889
2017-01-12,13.6915
2017-01-13,13.6942
2017-01-14,13.7834
2017-01-15,13.6996
2017-01-16,13.7022
2017-01-17,13.6843
2017-01-18,13.6866
2017-01-19,13.6878
2017-01-20,13.69
2017-01-21,13.6923
2017-01-22,13.6946
2017-01-23,13.6971
2017-01-24,13.6791
2017-01-25,13.6816
2017-01-26,13.6841
2017-01-27,13.6856
2017-01-29,13.6906
2017-01-30,13.6927
2017-01-31,13.6748
2017-02-01,13.6772
2017-02-02,13.6788
2017-02-03,13.6811
2017-02-04,13.6834
2017-02-05,13.6857
2017-02-06,13.6883
2017-02-07,13.6704
2017-02-08,13.6726
2017-02-09,13.674
2017-02-10,13.6763
2017-02-13,13.6833
2017-02-14,13.6651
2017-02-15,13.6665
2017-02-16,13.6974
2017-02-17,13.6995
2017-02-18,13.7016
2017-02-19,13.7037
2017-02-20,13.7061
2017-02-21,13.6931
2017-02-22,13.6957
2017-02-23,13.6981
2017-02-24,13.7005
2017-02-25,13.703
2017-02-26,13.7055
2017-02-27,13.7076
2017-02-28,13.6949
2017-03-01,13.6978
2017-03-02,13.7004
2017-03-03,13.7029
2017-03-06,13.7106
2017-03-07,13.6945
2017-03-08,13.6971
2017-03-09,13.7
2017-03-10,13.7026
2017-03-11,13.7051
2017-03-12,13.7076
2017-03-13,13.7103
2017-03-14,13.6942
2017-03-15,13.6968
2017-03-16,13.6972
2017-03-17,13.6999
2017-03-18,13.7025
2017-03-19,13.7051
2017-03-20,13.7077
2017-03-21,13.6917
2017-03-22,13.6943
2017-03-23,13.6969
2017-03-24,13.6972
2017-03-25,13.6997
2017-03-26,13.7022
2017-03-27,13.7047
2017-03-28,13.7071
2017-03-29,13.6908
2017-03-30,13.6925
2017-03-31,13.693
2017-04-03,13.7016
2017-04-04,13.7042
2017-04-05,13.6881
2017-04-06,13.6884
2017-04-07,13.6907
2017-04-08,13.6931
2017-04-09,13.6955
2017-04-10,13.6979
2017-04-11,13.6816
2017-04-12,13.6842
2017-04-13,13.6845
2017-04-14,13.6869
2017-04-15,13.6893
2017-04-16,13.6917
2017-04-17,13.6935
2017-04-18,13.6774
2017-04-19,13.6798
2017-04-20,13.6822
2017-04-21,13.6846
2017-04-22,13.687
2017-04-23,13.6894
2017-04-24,13.6917
2017-04-25,13.6755
2017-04-26,13.6779
2017-04-27,13.6761
2017-04-28,13.6785
2017-04-29,13.6808
2017-04-30,13.6831
2017-05-01,13.6855
2017-05-02,13.6725
2017-05-03,13.6749
2017-05-04,13.6773
2017-05-05,13.6797
2017-05-06,13.6821
2017-05-07,13.6845
2017-05-08,13.6872
2017-05-09,13.6728
2017-05-10,13.6735
2017-05-11,13.6762
2017-05-12,13.6785
2017-05-13,13.6808
2017-05-14,13.6831
2017-05-15,13.7649
2017-05-16,13.7521
2017-05-17,13.7545
2017-05-18,13.7572
2017-05-19,13.7596
2017-05-20,13.7621
2017-05-21,13.7646
2017-05-22,13.767
2017-05-23,13.7543
2017-05-24,13.757
2017-05-25,13.7594
2017-05-26,13.7619
2017-05-27,13.7643
2017-05-28,13.7667
2017-05-29,13.7692
2017-05-30,13.7564
2017-05-31,13.7588
2017-06-01,13.7615
2017-06-02,13.7639
2017-06-03,13.7663
2017-06-04,13.7687
2017-06-05,13.7712
2017-06-06,13.7584
2017-06-07,13.7609
2017-06-08,13.7634
2017-06-09,13.7658
2017-06-10,13.7682
2017-06-11,13.7706
2017-06-12,13.7733
2017-06-13,13.7606
2017-06-14,13.7631
2017-06-15,13.7656
2017-06-16,13.7681
2017-06-17,13.7705
2017-06-18,13.7729
2017-06-19,13.7755
2017-06-20,13.763
2017-06-21,13.7655
2017-06-22,13.7681
2017-06-23,13.7706
2017-06-24,13.7731
2017-06-25,13.7756
2017-06-26,13.7781
2017-06-27,13.7636
2017-06-28,13.7661
2017-06-29,13.7684
2017-06-30,13.7708
2017-07-01,13.7732
2017-07-02,13.7756
2017-07-03,13.7763
2017-07-04,13.7618
2017-07-05,13.7625
2017-07-06,13.7651
2017-07-07,13.7676
2017-07-08,13.77
2017-07-09,13.7724
2017-07-10,13.7749
2017-07-11,13.7607
2017-07-12,13.7632
2017-07-13,13.7657
2017-07-14,13.7681
2017-07-15,13.7705
2017-07-16,13.7729
2017-07-17,13.7755
2017-07-18,13.7611
2017-07-19,13.7637
2017-07-20,13.7661
2017-07-21,13.7685
2017-07-22,13.7709
2017-07-23,13.7733
2017-07-24,13.7757
2017-07-25,13.7614
2017-07-26,13.7638
2017-07-27,13.7647
2017-07-28,13.7671
2017-07-29,13.7695
2017-07-30,13.7719
2017-07-31,13.7743
2017-08-01,13.7599
2017-08-02,13.7624
2017-08-03,13.7648
2017-08-04,13.767
2017-08-05,13.7693
2017-08-06,13.7716
2017-08-07,13.7738
2017-08-08,13.7595
2017-08-09,13.7618
2017-08-10,13.7627
2017-08-11,13.7652
2017-08-12,13.7677
2017-08-13,13.7702
2017-08-14,13.7725
2017-08-15,13.7748
2017-08-16,13.7622
2017-08-17,13.7647
2017-08-18,13.7674
2017-08-19,13.7699
2017-08-20,13.7724
2017-08-21,13.7749
2017-08-22,13.7607
2017-08-23,13.7632
2017-08-24,13.7657
2017-08-25,13.7682
2017-08-26,13.7707
2017-08-27,13.7732
2017-08-28,13.7743
2017-08-29,13.7617
2017-08-30,13.7644
2017-08-31,13.7668
2017-09-01,13.7691
2017-09-02,13.7714
2017-09-03,13.7737
2017-09-04,13.7759
2017-09-05,13.761
2017-09-06,13.7633
2017-09-07,13.7657
2017-09-08,13.768
2017-09-09,13.7704
2017-09-10,13.7728
2017-09-11,13.775
2017-09-12,13.7615
2017-09-13,13.764
2017-09-14,13.7665
2017-09-15,13.7689
2017-09-16,13.7714
2017-09-17,13.7739
2017-09-18,13.7764
2017-09-19,13.7629
2017-09-20,13.7654
2017-09-21,13.7679
2017-09-22,13.7704
2017-09-23,13.7729
2017-09-24,13.7754
2017-09-25,13.7779
2017-09-26,13.7648
2017-09-27,13.7672
2017-09-28,13.7696
2017-09-29,13.7719
2017-09-30,13.7741
2017-10-01,13.7763
2017-10-02,13.7785
2017-10-03,13.7648
2017-10-04,13.7671
2017-10-05,13.7696
2017-10-06,13.772
2017-10-07,13.7744
2017-10-08,13.7768
2017-10-09,13.7792
2017-10-10,13.7652
2017-10-11,13.768
2017-10-12,13.7702
2017-10-13,13.7728
2017-10-14,13.7752
2017-10-15,13.7776
2017-10-16,13.78
2017-10-17,13.7662
2017-10-18,13.7686
2017-10-19,13.7711
2017-10-20,13.7735
2017-10-21,13.7758
2017-10-22,13.7781
2017-10-23,13.7804
2017-10-24,13.7667
2017-10-25,13.769
2017-10-26,13.7713
2017-10-27,13.7736
2017-10-28,13.7758
2017-10-29,13.778
2017-10-30,13.7806
2017-10-31,13.7675
2017-11-01,13.7703
2017-11-02,13.7729
2017-11-03,13.7753
2017-11-04,13.7778
2017-11-05,13.7803
2017-11-06,13.7826
2017-11-07,13.7684
2017-11-08,13.7707
2017-11-09,13.773
2017-11-10,13.777
2017-11-11,13.7791
2017-11-12,13.7812
2017-11-13,13.7835
2017-11-14,13.7692
2017-11-15,13.7733
2017-11-16,13.7756
2017-11-17,13.7779
2017-11-18,13.7801
2017-11-19,13.7823
2017-11-20,13.784
2017-11-21,13.7715
2017-11-22,13.774
2017-11-23,13.7764
2017-11-24,13.7788
2017-11-25,13.7812
2017-11-26,13.7836
2017-11-27,13.7861
2017-11-28,13.7737
2017-11-29,13.7761
2017-11-30,13.7787
2017-12-01,13.7811
2017-12-02,13.7835
2017-12-03,13.7859
2017-12-04,13.7884
2017-12-05,13.7759
2017-12-06,13.7784
2017-12-07,13.7808
2017-12-08,13.7832
2017-12-09,13.7856
2017-12-10,13.788
2017-12-11,13.7904
2017-12-12,13.7782
2017-12-13,13.7808
2017-12-14,13.7832
2017-12-15,13.7856
2017-12-16,13.7881
2017-12-17,13.7906
2017-12-18,13.793
2017-12-19,13.7808
2017-12-20,13.7836
2017-12-21,13.7864
2017-12-22,13.7892
2017-12-25,13.7976
2017-12-26,13.7854
2017-12-27,13.788
2017-12-28,13.791
2017-12-29,13.7938
2017-12-31,13.7994
2018-01-01,13.8022
2018-01-02,13.7903
2018-01-03,13.793
2018-01-04,13.7956
2018-01-05,13.7984
2018-01-07,13.8036
2018-01-08,13.8064
2018-01-09,13.7945
2018-01-10,13.7972
2018-01-11,13.8002
2018-01-12,13.803
2018-01-14,13.8086
2018-01-15,13.8113
2018-01-16,13.7994
2018-01-17,13.8023
2018-01-18,13.8053
2018-01-19,13.8082
2018-01-21,13.8141
2018-01-22,13.8171
2018-01-23,13.8053
2018-01-24,13.8081
2018-01-25,13.8108
2018-01-28,13.8192
2018-01-29,13.8218
2018-01-30,13.8099
2018-01-31,13.8128
2018-02-01,13.8152
2018-02-02,13.818
2018-02-04,13.8236
2018-02-05,13.8264
2018-02-06,13.8143
2018-02-07,13.817
2018-02-08,13.8198
2018-02-09,13.8226
2018-02-11,13.8281
2018-02-12,13.8309
2018-02-13,13.8337
2018-02-14,13.8218
2018-02-15,13.8247
2018-02-16,13.8273
2018-02-18,13.8325
2018-02-19,13.8351
2018-02-20,13.8232
2018-02-21,13.8258
2018-02-22,13.8284
2018-02-23,13.831
2018-02-25,13.8363
2018-02-26,13.839
2018-02-27,13.8269
2018-02-28,13.8296
2018-03-01,13.8321
2018-03-04,13.8395
2018-03-05,13.8421
2018-03-06,13.8302
2018-03-07,13.8331
2018-03-08,13.8359
2018-03-09,13.8386
2018-03-11,13.8442
2018-03-12,13.8471
2018-03-13,13.8354
2018-03-14,13.8384
2018-03-15,13.8414
2018-03-16,13.8443
2018-03-18,13.8501
2018-03-19,13.8531
2018-03-20,13.8414
2018-03-21,13.8446
2018-03-22,13.8475
2018-03-23,13.8503
2018-03-25,13.8558
2018-03-26,13.8586
2018-03-27,13.8459
2018-03-28,13.8493
2018-03-31,13.8593
2018-04-01,13.8626
2018-04-02,13.8658
2018-04-03,13.8543
2018-04-04,13.8575
2018-04-05,13.8606
2018-04-06,13.8635
2018-04-08,13.8693
2018-04-09,13.8721
2018-04-10,13.8601
2018-04-11,13.8627
2018-04-12,13.8653
2018-04-13,13.8686
2018-04-15,13.8738
2018-04-16,13.8766
2018-04-17,13.8647
2018-04-18,13.8674
2018-04-19,13.87
2018-04-20,13.8726
2018-04-22,13.8778
2018-04-23,13.8802
2018-04-24,13.8686
2018-04-25,13.8617
2018-04-26,13.8646
2018-04-27,13.8675
2018-04-30,13.8763
2018-05-01,13.8792
2018-05-02,13.8674
2018-05-03,13.8703
2018-05-04,13.8728
2018-05-06,13.878
2018-05-07,13.8814
2018-05-08,13.8694
2018-05-09,13.8718
2018-05-10,13.8745
2018-05-11,13.8774
2018-05-13,13.8833
2018-05-14,13.886
2018-05-15,13.8745
2018-05-16,13.8766
2018-05-17,13.8796
2018-05-18,13.8824
2018-05-20,13.8882
2018-05-21,13.8911
2018-05-22,13.8795
2018-05-23,13.8824
2018-05-24,13.8853
2018-05-25,13.8882
2018-05-27,13.894
2018-05-28,13.8973
2018-05-29,13.8856
2018-05-30,13.8889
2018-05-31,13.8919
2018-06-01,13.895
2018-06-03,13.9011
2018-06-04,13.9042
2018-06-05,13.8926
2018-06-06,13.8957
2018-06-07,13.8988
2018-06-08,13.9019
2018-06-10,13.908
2018-06-11,13.9107
2018-06-12,13.8996
2018-06-13,13.9027
2018-06-14,13.9058
2018-06-15,13.9089
2018-06-17,13.915
2018-06-18,13.918
2018-06-19,13.9066
2018-06-20,13.9097
2018-06-21,13.9128
2018-06-22,13.9158
2018-06-24,13.922
2018-06-25,13.925
2018-06-26,13.9136
2018-06-27,13.9169
2018-06-28,13.9199
2018-06-29,13.9233
2018-07-01,13.9301
2018-07-02,13.9338
2018-07-03,13.9227
2018-07-04,13.9261
2018-07-05,13.9292
2018-07-06,13.9322
2018-07-08,13.9383
2018-07-09,13.9414
2018-07-10,13.9301
2018-07-11,13.9334
2018-07-12,13.9364
2018-07-13,13.9395
2018-07-15,13.9456
2018-07-16,13.9491
2018-07-17,13.9376
2018-07-18,13.9407
2018-07-19,13.9438
2018-07-20,13.9467
2018-07-22,13.9526
2018-07-23,13.9555
2018-07-24,13.944
2018-07-25,13.9468
2018-07-26,13.95
2018-07-27,13.9534
2018-07-29,13.9596
2018-07-30,13.9626
2018-07-31,13.9511
2018-08-01,13.9543
2018-08-02,13.9573
2018-08-03,13.9602
2018-08-05,13.9664
2018-08-06,13.9694
2018-08-07,13.958
2018-08-08,13.9611
2018-08-09,13.9641
2018-08-10,13.9672
2018-08-12,13.9733
2018-08-13,13.9764
2018-08-14,13.9649
2018-08-15,13.968
2018-08-16,13.9711
2018-08-17,13.9742
2018-08-19,13.9803
2018-08-20,13.9834
2018-08-21,13.9719
2018-08-22,13.975
2018-08-23,13.9781
2018-08-24,13.9811
2018-08-26,13.9873
2018-08-27,13.9905
2018-08-28,13.979
2018-08-29,13.9821
2018-08-30,13.9853
2018-08-31,13.9886
2018-09-02,13.995
2018-09-03,13.9982
2018-09-04,13.9869
2018-09-05,13.9902
2018-09-06,13.9934
2018-09-07,13.9966
2018-09-09,14.0031
2018-09-10,14.0063
2018-09-11,13.9948
2018-09-12,13.9981
2018-09-13,14.0013
2018-09-14,14.0053
2018-09-16,14.0121
2018-09-17,14.0153
2018-09-18,14.004
2018-09-19,14.0072
2018-09-20,14.0104
2018-09-21,14.0138
2018-09-23,14.0203
2018-09-24,14.0233
2018-09-25,14.0113
2018-09-26,14.0143
2018-09-27,14.0175
2018-09-28,14.0206
2018-09-30,14.0267
2018-10-01,14.03
2018-10-02,14.0331
2018-10-03,14.0217
2018-10-04,14.0247
2018-10-05,14.0281
2018-10-07,14.0348
2018-10-08,14.0382
2018-10-09,14.0271
2018-10-10,14.0305
2018-10-11,14.0338
2018-10-12,14.0367
2018-10-14,14.0425
2018-10-15,14.0457
2018-10-16,14.0345
2018-10-17,14.0378
2018-10-18,14.0412
2018-10-19,14.0445
2018-10-21,14.0513
2018-10-22,14.0546
2018-10-23,14.0434
2018-10-24,14.0466
2018-10-25,14.0498
2018-10-26,14.053
2018-10-28,14.0594
2018-10-29,14.0626
2018-10-30,14.0514
2018-10-31,14.0547
2018-11-01,14.0581
2018-11-02,14.0614
2018-11-04,14.0681
2018-11-05,14.0715
2018-11-06,14.0605
2018-11-08,14.0672
2018-11-09,14.0705
2018-11-11,14.0772
2018-11-12,14.0804
2018-11-13,14.0692
2018-11-14,14.0724
2018-11-15,14.0755
2018-11-16,14.0787
2018-11-18,14.0851
2018-11-19,14.0883
2018-11-20,14.0773
2018-11-21,14.0806
2018-11-22,14.0838
2018-11-25,14.0934
2018-11-26,14.0967
2018-11-27,14.0857
2018-11-28,14.089
2018-11-29,14.0923
2018-11-30,14.0958
2018-12-02,14.1022
2018-12-03,14.1059
2018-12-04,14.095
2018-12-05,14.0988
2018-12-06,14.1021
2018-12-07,14.1055
2018-12-09,14.1122
2018-12-10,14.1152
2018-12-11,14.1039
2018-12-12,14.1073
2018-12-13,14.1111
2018-12-14,14.1143
2018-12-16,14.1207
2018-12-17,14.124
2018-12-18,14.113
2018-12-19,14.1161
2018-12-20,14.1189
2018-12-21,14.1217
2018-12-23,14.1277
2018-12-24,14.1307
2018-12-25,14.1337
2018-12-26,14.1217
2018-12-27,14.1245
2018-12-28,14.1275
2018-12-30,14.1336
2018-12-31,14.1366
2019-01-01,14.1251
2019-01-02,14.1281
2019-01-03,14.1307
2019-01-04,14.1333
2019-01-06,14.1386
2019-01-07,14.1415
2019-01-08,14.1293
2019-01-09,14.1324
2019-01-10,14.1357
2019-01-11,14.1387
2019-01-13,14.1446
2019-01-14,14.1476
2019-01-15,14.1355
2019-01-16,14.1384
2019-01-17,14.1415
2019-01-18,14.1447
2019-01-20,14.1507
2019-01-21,14.1536
2019-01-22,14.1416
2019-01-23,14.1445
2019-01-24,14.1478
2019-01-25,14.1508
2019-01-27,14.1568
2019-01-28,14.1598
2019-01-29,14.1478
2019-01-30,14.1508
2019-01-31,14.1538
2019-02-01,14.1568
2019-02-03,14.1628
2019-02-04,14.1658
2019-02-05,14.1538
2019-02-06,14.1569
2019-02-07,14.1599
2019-02-08,14.163
2019-02-10,14.169
2019-02-11,14.1721
2019-02-12,14.1601
2019-02-13,14.1631
2019-02-14,14.1662
2019-02-15,14.1692
2019-02-17,14.1752
2019-02-18,14.1782
2019-02-19,14.1812
2019-02-20,14.1692
2019-02-21,14.1723
2019-02-22,14.1753
2019-02-24,14.1814
2019-02-25,14.1844
2019-02-26,14.1724
2019-02-27,14.1753
2019-02-28,14.1782
2019-03-01,14.1812
2019-03-04,14.1902
2019-03-05,14.1781
2019-03-06,14.1811
2019-03-07,14.1842
2019-03-08,14.1872
2019-03-10,14.1931
2019-03-11,14.1961
2019-03-12,14.1842
2019-03-13,14.1874
2019-03-14,14.1906
2019-03-15,14.1934
2019-03-17,14.2002
2019-03-18,14.203
2019-03-19,14.1908
2019-03-20,14.1934
2019-03-21,14.1963
2019-03-22,14.1989
2019-03-24,14.2046
2019-03-25,14.2073
2019-03-26,14.195
2019-03-27,14.1972
2019-03-28,14.2001
2019-03-29,14.2077
2019-03-31,14.2148
2019-04-01,14.2177
2019-04-02,14.2052
2019-04-03,14.2077
2019-04-04,14.2097
2019-04-05,14.2121
2019-04-07,14.2171
2019-04-08,14.2195
2019-04-09,14.2071
2019-04-10,14.2096
2019-04-11,14.2118
2019-04-12,14.2145
2019-04-14,14.2201
2019-04-15,14.2231
2019-04-16,14.2115
2019-04-17,14.2143
2019-04-18,14.2171
2019-04-21,14.2256
2019-04-22,14.228
2019-04-23,14.2155
2019-04-24,14.2181
2019-04-25,14.2199
2019-04-26,14.223
2019-04-29,14.2318
2019-04-30,14.2197
2019-05-01,14.2227
2019-05-02,14.2256
2019-05-03,14.2285
2019-05-05,14.2343
2019-05-06,14.2372
2019-05-07,14.2251
2019-05-08,14.228
2019-05-09,14.2309
2019-05-10,14.2338
2019-05-12,14.2396
2019-05-13,14.2425
2019-05-14,14.2304
2019-05-15,14.2335
2019-05-16,14.2364
2019-05-17,14.2393
2019-05-19,14.2452
2019-05-20,14.2481
2019-05-21,14.236
2019-05-22,14.2389
2019-05-23,14.2418
2019-05-24,14.2448
2019-05-26,14.2506
2019-05-27,14.2535
2019-05-28,14.2417
2019-05-29,14.2446
2019-05-30,14.2475
2019-05-31,14.2506
2019-06-02,14.2564
2019-06-03,14.2594
2019-06-04,14.2474
2019-06-05,14.2503
2019-06-06,14.2532
2019-06-07,14.2561
2019-06-09,14.2618
2019-06-10,14.2647
2019-06-11,14.2526
2019-06-12,14.2555
2019-06-13,14.2584
2019-06-14,14.2612
2019-06-16,14.2669
2019-06-17,14.2698
2019-06-18,14.2576
2019-06-19,14.2605
2019-06-20,14.2633
2019-06-21,14.2659
2019-06-23,14.2717
2019-06-24,14.2746
2019-06-25,14.2625
2019-06-26,14.265
2019-06-27,14.2676
2019-06-28,14.2707
2019-06-30,14.2761
2019-07-01,14.2788
2019-07-02,14.2668
2019-07-03,14.2693
2019-07-04,14.2718
2019-07-05,14.2745
2019-07-07,14.2791
2019-07-08,14.2814
2019-07-09,14.2689
2019-07-10,14.272
2019-07-11,14.2752
2019-07-12,14.2783
2019-07-14,14.2839
2019-07-15,14.287
2019-07-16,14.2777
2019-07-17,14.2809
2019-07-18,14.2837
2019-07-19,14.2864
2019-07-21,14.292
2019-07-22,14.2947
2019-07-23,14.2824
2019-07-24,14.2854
2019-07-25,14.2884
2019-07-26,14.2915
2019-07-28,14.297
2019-07-29,14.3008
2019-07-30,14.2891
2019-07-31,14.2928
2019-08-01,14.2956
2019-08-02,14.2992
2019-08-04,14.3046
2019-08-05,14.3073
2019-08-06,14.2952
2019-08-07,14.2992
2019-08-08,14.3025
2019-08-09,14.306
2019-08-12,14.3139
2019-08-13,14.3013
2019-08-14,14.3035
2019-08-15,14.3061
2019-08-16,14.3089
2019-08-18,14.3142
2019-08-19,14.3171
2019-08-20,14.3054
2019-08-21,14.3083
2019-08-22,14.3109
2019-08-23,14.3138
2019-08-25,14.3191
2019-08-26,14.3218
2019-08-27,14.3096
2019-08-28,14.3122
2019-08-29,14.3149
2019-08-30,14.3176
2019-09-02,14.3256
2019-09-03,14.3133
2019-09-04,14.3166
2019-09-05,14.3193
2019-09-06,14.3221
2019-09-08,14.3273
2019-09-09,14.3299
2019-09-10,14.3325
2019-09-11,14.3202
2019-09-12,14.3244
2019-09-13,14.3252
2019-09-15,14.3305
2019-09-16,14.3332
2019-09-17,14.3208
2019-09-18,14.3235
2019-09-19,14.3262
2019-09-20,14.3287
2019-09-22,14.3341
2019-09-23,14.3365
2019-09-24,14.3241
2019-09-25,14.3268
2019-09-26,14.3291
2019-09-27,14.3321
2019-09-29,14.3379
2019-09-30,14.3414
2019-10-01,14.3293
2019-10-02,14.3322
2019-10-03,14.3345
2019-10-04,14.3369
2019-10-06,14.3409
2019-10-07,14.3428
2019-10-08,14.3448
2019-10-09,14.3318
2019-10-10,14.3339
2019-10-11,14.3364
2019-10-13,14.3407
2019-10-14,14.3438
2019-10-15,14.3315
2019-10-16,14.3339
2019-10-17,14.3355
2019-10-18,14.338
2019-10-21,14.3459
2019-10-22,14.3335
2019-10-23,14.336
2019-10-24,14.3392
2019-10-25,14.3419
2019-10-28,14.3496
2019-10-29,14.3373
2019-10-30,14.3407
2019-10-31,14.344
2019-11-01,14.3465
2019-11-03,14.3518
2019-11-04,14.3541
2019-11-05,14.3414
2019-11-06,14.3429
2019-11-07,14.3455
2019-11-08,14.3482
2019-11-10,14.3536
2019-11-11,14.3565
2019-11-12,14.3591
2019-11-13,14.3473
2019-11-14,14.35
2019-11-15,14.3526
2019-11-17,14.358
2019-11-18,14.3607
2019-11-19,14.3484
2019-11-20,14.3514
2019-11-21,14.354
2019-11-22,14.3567
2019-11-24,14.3619
2019-11-25,14.3645
2019-11-26,14.3521
2019-11-27,14.3548
2019-11-28,14.3576
2019-11-29,14.3604
2019-12-01,14.3657
2019-12-02,14.3683
2019-12-03,14.3559
2019-12-04,14.3584
2019-12-05,14.3602
2019-12-06,14.363
2019-12-08,14.3682
2019-12-09,14.3709
2019-12-10,14.3585
2019-12-11,14.361
2019-12-12,14.3635
2019-12-13,14.366
2019-12-15,14.371
2019-12-16,14.3735
2019-12-17,14.3611
2019-12-18,14.3636
2019-12-19,14.3661
2019-12-20,14.3686
2019-12-22,14.3736
2019-12-23,14.3761
2019-12-24,14.3635
2019-12-25,14.366
2019-12-26,14.3673
2019-12-27,14.3697
2019-12-29,14.3743
2019-12-30,14.3767
2019-12-31,14.3641
2020-01-01,14.3664
2020-01-02,14.3696
2020-01-03,14.3717
2020-01-05,14.3761
2020-01-06,14.3783
2020-01-07,14.3653
2020-01-08,14.3676
2020-01-09,14.3699
2020-01-10,14.3718
2020-01-12,14.3763
2020-01-13,14.3786
2020-01-14,14.3653
2020-01-15,14.3675
2020-01-16,14.3699
2020-01-17,14.3723
2020-01-19,14.3771
2020-01-20,14.3795
2020-01-21,14.3671
2020-01-22,14.3698
2020-01-23,14.3722
2020-01-24,14.3746
2020-01-26,14.3794
2020-01-27,14.3816
2020-01-28,14.3689
2020-01-29,14.371
2020-01-30,14.3734
2020-01-31,14.3757
2020-02-02,14.3805
2020-02-03,14.383
2020-02-04,14.3705
2020-02-05,14.373
2020-02-06,14.3755
2020-02-07,14.3784
2020-02-09,14.3835
2020-02-10,14.3861
2020-02-11,14.3751
2020-02-12,14.378
2020-02-13,14.3807
2020-02-14,14.3833
2020-02-16,14.3884
2020-02-17,14.391
2020-02-18,14.3787
2020-02-19,14.3813
2020-02-20,14.3834
2020-02-23,14.391
2020-02-24,14.3936
2020-02-25,14.381
2020-02-26,14.3834
2020-02-27,14.3851
2020-02-28,14.3873
2020-03-01,14.3925
2020-03-02,14.3952
2020-03-03,14.3832
2020-03-04,14.3871
2020-03-05,14.3898
2020-03-06,14.3925
2020-03-08,14.3975
2020-03-09,14.4004
2020-03-10,14.4029
2020-03-11,14.3903
2020-03-12,14.3922
2020-03-13,14.3941
2020-03-15,14.3993
2020-03-16,14.4019
2020-03-17,14.3892
2020-03-18,14.3908
2020-03-19,14.3881
2020-03-20,14.3909
2020-03-22,14.3964
2020-03-23,14.3953
2020-03-24,14.3802
2020-03-25,14.383
2020-03-26,14.3861
2020-03-27,14.3975
2020-03-29,14.3999
2020-03-30,14.4013
2020-03-31,14.3899
2020-04-02,14.3947
2020-04-03,14.3975
2020-04-06,14.403
2020-04-07,14.3909
2020-04-08,14.3928
2020-04-09,14.3949
2020-04-12,14.401
2020-04-13,14.4029
2020-04-14,14.4047
2020-04-15,14.3912
2020-04-16,14.3927
2020-04-17,14.3938
2020-04-19,14.3959
2020-04-20,14.3972
2020-04-21,14.3837
2020-04-22,14.385
2020-04-23,14.3863
2020-04-24,14.3873
2020-04-26,14.3893
2020-04-27,14.3904
2020-04-28,14.3768
2020-04-29,14.3781
2020-04-30,14.3799
2020-05-03,14.3856
2020-05-04,14.3876
2020-05-05,14.375
2020-05-06,14.3788
2020-05-07,14.3806
2020-05-08,14.3828
2020-05-10,14.3865
2020-05-11,14.3887
2020-05-12,14.3784
2020-05-13,14.3811
2020-05-14,14.3837
2020-05-15,14.3867
2020-05-17,14.3905
2020-05-18,14.393
2020-05-19,14.38
2020-05-20,14.382
2020-05-21,14.3847
2020-05-22,14.3877
2020-05-25,14.3932
2020-05-26,14.3801
2020-05-27,14.382
2020-05-28,14.3836
2020-05-29,14.3851
2020-05-31,14.3889
2020-06-01,14.3908
2020-06-02,14.3777
2020-06-03,14.3797
2020-06-04,14.3815
2020-06-05,14.3832
2020-06-07,14.3869
2020-06-08,14.3888
2020-06-09,14.3757
2020-06-10,14.3774
2020-06-11,14.3793
2020-06-12,14.3819
2020-06-14,14.3853
2020-06-15,14.3872
2020-06-16,14.3739
2020-06-17,14.3756
2020-06-18,14.3773
2020-06-19,14.3798
2020-06-21,14.3832
2020-06-22,14.3851
2020-06-23,14.3719
2020-06-24,14.3732
2020-06-25,14.3748
2020-06-26,14.3765
2020-06-28,14.3797
2020-06-29,14.3811
2020-06-30,14.3689
2020-07-01,14.3727
2020-07-02,14.3757
2020-07-03,14.3771
2020-07-05,14.3813
2020-07-06,14.383
2020-07-07,14.3683
2020-07-08,14.3705
2020-07-09,14.3728
2020-07-10,14.3753
2020-07-12,14.3796
2020-07-13,14.3819
2020-07-14,14.3692
2020-07-15,14.3714
2020-07-16,14.3727
2020-07-17,14.374
2020-07-19,14.3768
2020-07-20,14.3781
2020-07-21,14.3645
2020-07-22,14.3661
2020-07-23,14.3676
2020-07-24,14.3692
2020-07-26,14.3724
2020-07-27,14.3739
2020-07-28,14.3604
2020-07-29,14.362
2020-07-30,14.3637
2020-07-31,14.3655
2020-08-02,14.3688
2020-08-03,14.3704
2020-08-04,14.3571
2020-08-05,14.3586
2020-08-06,14.3602
2020-08-07,14.3622
2020-08-09,14.3662
2020-08-10,14.3681
2020-08-11,14.3549
2020-08-12,14.3571
2020-08-13,14.3592
2020-08-14,14.3615
2020-08-16,14.3654
2020-08-17,14.3672
2020-08-18,14.354
2020-08-19,14.3559
2020-08-20,14.3579
2020-08-21,14.3581
2020-08-23,14.3618
2020-08-24,14.3649
2020-08-25,14.3512
2020-08-26,14.3532
2020-08-27,14.3554
2020-08-28,14.3574
2020-08-30,14.3614
2020-08-31,14.3634
2020-09-01,14.3503
2020-09-02,14.3522
2020-09-03,14.3543
2020-09-04,14.3562
2020-09-06,14.3602
2020-09-07,14.3621
2020-09-08,14.3487
2020-09-09,14.3504
2020-09-10,14.3523
2020-09-11,14.354
2020-09-13,14.3581
2020-09-14,14.3601
2020-09-15,14.3473
2020-09-16,14.3492
2020-09-17,14.3513
2020-09-18,14.3533
2020-09-20,14.3574
2020-09-21,14.3593
2020-09-22,14.3466
2020-09-23,14.3485
2020-09-24,14.351
2020-09-25,14.3529
2020-09-27,14.357
2020-09-28,14.3591
2020-09-29,14.3454
2020-09-30,14.355
2020-10-01,14.3576
2020-10-04,14.3641
2020-10-05,14.3663
2020-10-06,14.3533
2020-10-07,14.3554
2020-10-08,14.3574
2020-10-09,14.3599
2020-10-11,14.3643
2020-10-12,14.3659
2020-10-13,14.3527
2020-10-14,14.3541
2020-10-15,14.3559
2020-10-16,14.3576
2020-10-18,14.3608
2020-10-19,14.3621
2020-10-20,14.3489
2020-10-21,14.3504
2020-10-22,14.3522
2020-10-23,14.3539
2020-10-25,14.3573
2020-10-26,14.359
2020-10-27,14.3456
2020-10-28,14.348
2020-10-29,14.3495
2020-11-01,14.3549
2020-11-02,14.3566
2020-11-03,14.3435
2020-11-04,14.3453
2020-11-05,14.3473
2020-11-06,14.3491
2020-11-08,14.3525
2020-11-09,14.3553
2020-11-10,14.342
2020-11-11,14.3439
2020-11-12,14.346
2020-11-13,14.3478
2020-11-16,14.3528
2020-11-17,14.3396
2020-11-18,14.3416
2020-11-19,14.3437
2020-11-20,14.3452
2020-11-22,14.3483
2020-11-23,14.3496
2020-11-24,14.336
2020-11-25,14.3383
2020-11-26,14.3405
2020-11-27,14.3424
2020-11-30,14.3477
2020-12-01,14.3338
2020-12-02,14.3341
2020-12-03,14.3359
2020-12-04,14.3376
2020-12-06,14.3411
2020-12-07,14.3432
2020-12-08,14.3296
2020-12-09,14.331
2020-12-10,14.3333
2020-12-11,14.3351
2020-12-13,14.3387
2020-12-14,14.3406
2020-12-15,14.3271
2020-12-16,14.3289
2020-12-17,14.3305
2020-12-18,14.3325
2020-12-20,14.3362
2020-12-21,14.338
2020-12-22,14.3249
2020-12-23,14.3284
2020-12-24,14.3303
2020-12-27,14.3358
2020-12-28,14.3375
2020-12-29,14.3242
2020-12-30,14.326
2020-12-31,14.3281
2021-01-01,14.3307
2021-01-03,14.3345
2021-01-04,14.3369
2021-01-05,14.3235
2021-01-06,14.3251
2021-01-07,14.3262
2021-01-08,14.3277
2021-01-10,14.3308
2021-01-11,14.3317
2021-01-12,14.3184
2021-01-13,14.3202
2021-01-14,14.3217
2021-01-15,14.3233
2021-01-17,14.3269
2021-01-18,14.3285
2021-01-19,14.3151
2021-01-20,14.317
2021-01-21,14.3188
2021-01-22,14.3203
2021-01-24,14.3235
2021-01-25,14.3249
2021-01-26,14.3265
2021-01-27,14.3132
2021-01-28,14.3148
2021-01-29,14.3165
2021-01-31,14.3198
2021-02-01,14.3215
2021-02-02,14.3085
2021-02-03,14.3099
2021-02-04,14.3116
2021-02-05,14.3135
2021-02-07,14.3168
2021-02-08,14.3184
2021-02-09,14.305
2021-02-10,14.3066
2021-02-11,14.3082
2021-02-12,14.3099
2021-02-14,14.3131
2021-02-15,14.315
2021-02-16,14.3018
2021-02-17,14.3037
2021-02-18,14.3063
2021-02-21,14.3113
2021-02-22,14.3131
2021-02-23,14.2986
2021-02-24,14.3011
2021-02-25,14.3034
2021-02-26,14.3038
2021-02-28,14.3071
2021-03-01,14.3085
2021-03-02,14.2951
2021-03-03,14.2962
2021-03-04,14.2973
2021-03-05,14.2995
2021-03-07,14.3027
2021-03-08,14.3042
2021-03-09,14.291
2021-03-10,14.2927
2021-03-11,14.2945
2021-03-12,14.2959
2021-03-14,14.2997
2021-03-15,14.3015
2021-03-16,14.2883
2021-03-17,14.2903
2021-03-18,14.2923
2021-03-19,14.2943
2021-03-21,14.2982
2021-03-22,14.3008
2021-03-23,14.2882
2021-03-24,14.2905
2021-03-25,14.2907
2021-03-26,14.2934
2021-03-29,14.2991
2021-03-30,14.2863
2021-03-31,14.2889
2021-04-04,14.297
2021-04-05,14.2991
2021-04-06,14.288
2021-04-07,14.2898
2021-04-08,14.2914
2021-04-09,14.2933
2021-04-11,14.2969
2021-04-12,14.2982
2021-04-14,14.3013
2021-04-15,14.2873
2021-04-16,14.2893
2021-04-18,14.293
2021-04-19,14.2948
2021-04-20,14.2817
2021-04-21,14.2835
2021-04-22,14.2855
2021-04-23,14.2875
2021-04-25,14.291
2021-04-26,14.2929
2021-04-27,14.2796
2021-04-28,14.2814
2021-04-29,14.2848
2021-04-30,14.2863
2021-05-02,14.2899
2021-05-03,14.2917
2021-05-04,14.2783
2021-05-05,14.2798
2021-05-06,14.2816
2021-05-07,14.2834
2021-05-09,14.2869
2021-05-10,14.2884
2021-05-11,14.2752
2021-05-12,14.2769
2021-05-13,14.2786
2021-05-14,14.2803
2021-05-16,14.2838
2021-05-17,14.2855
2021-05-18,14.2723
2021-05-19,14.274
2021-05-20,14.2756
2021-05-21,14.2774
2021-05-23,14.2809
2021-05-24,14.2834
2021-05-25,14.2701
2021-05-26,14.2718
2021-05-27,14.2738
2021-05-28,14.2755
2021-05-30,14.2789
2021-05-31,14.2808
2021-06-01,14.2674
2021-06-02,14.2691
2021-06-03,14.2709
2021-06-04,14.2727
2021-06-06,14.2761
2021-06-07,14.2777
2021-06-08,14.2643
2021-06-09,14.266
2021-06-10,14.2674
2021-06-11,14.2688
2021-06-13,14.2717
2021-06-14,14.2737
2021-06-15,14.2601
2021-06-16,14.2611
2021-06-17,14.2619
2021-06-18,14.2635
2021-06-20,14.2664
2021-06-21,14.2683
2021-06-22,14.255
2021-06-23,14.2564
2021-06-24,14.2578
2021-06-25,14.2593
2021-06-27,14.2622
2021-06-28,14.2636
2021-06-29,14.2502
2021-06-30,14.2518
2021-07-01,14.2542
2021-07-02,14.2553
2021-07-04,14.2584
2021-07-05,14.2599
2021-07-06,14.2463
2021-07-07,14.248
2021-07-08,14.2496
2021-07-09,14.2509
2021-07-11,14.254
2021-07-12,14.2555
2021-07-13,14.242
2021-07-14,14.2434
2021-07-15,14.2446
2021-07-16,14.2459
2021-07-18,14.2484
2021-07-19,14.2499
2021-07-20,14.2365
2021-07-21,14.2379
2021-07-22,14.2393
2021-07-23,14.2408
2021-07-25,14.2436
2021-07-26,14.245
2021-07-27,14.2315
2021-07-28,14.2329
2021-07-29,14.2343
2021-07-30,14.2356
2021-08-01,14.2383
2021-08-02,14.2397
2021-08-03,14.2261
2021-08-04,14.2274
2021-08-05,14.2288
2021-08-06,14.23
2021-08-08,14.2328
2021-08-09,14.2343
2021-08-10,14.221
2021-08-11,14.2226
2021-08-12,14.2246
2021-08-13,14.2263
2021-08-16,14.2308
2021-08-17,14.2172
2021-08-18,14.2189
2021-08-19,14.2203
2021-08-20,14.2218
2021-08-22,14.2245
2021-08-23,14.2258
2021-08-24,14.2121
2021-08-25,14.2139
2021-08-26,14.2154
2021-08-27,14.2167
2021-08-29,14.2195
2021-08-30,14.2209
2021-08-31,14.2071
2021-09-01,14.2085
2021-09-02,14.2099
2021-09-03,14.2115
2021-09-05,14.2143
2021-09-06,14.2157
2021-09-07,14.2019
2021-09-08,14.2032
2021-09-09,14.2047
2021-09-12,14.2091
2021-09-13,14.2106
2021-09-14,14.197
2021-09-15,14.1983
2021-09-16,14.1997
2021-09-17,14.2012
2021-09-19,14.2041
2021-09-20,14.2055
2021-09-21,14.1917
2021-09-22,14.1929
2021-09-23,14.1944
2021-09-24,14.1956
2021-09-26,14.1987
2021-09-27,14.2003
2021-09-28,14.1859
2021-09-29,14.1872
2021-09-30,14.1892
2021-10-01,14.1914
2021-10-03,14.1945
2021-10-04,14.1962
2021-10-05,14.1829
2021-10-06,14.1846
2021-10-07,14.1863
2021-10-08,14.1886
2021-10-10,14.1919
2021-10-11,14.194
2021-10-12,14.1808
2021-10-13,14.1829
2021-10-14,14.1842
2021-10-17,14.1891
2021-10-18,14.1896
2021-10-19,14.1912
2021-10-20,14.1777
2021-10-21,14.1792
2021-10-22,14.1807
2021-10-24,14.1841
2021-10-25,14.1841
2021-10-26,14.1706
2021-10-27,14.1719
2021-10-28,14.1731
2021-10-29,14.1747
2021-10-31,14.1781
2021-11-01,14.1799
2021-11-02,14.1666
2021-11-03,14.1686
2021-11-07,14.1752
2021-11-08,14.1779
2021-11-09,14.1648
2021-11-10,14.1664
2021-11-11,14.1682
2021-11-12,14.1702
2021-11-14,14.1733
2021-11-15,14.1748
2021-11-16,14.1615
2021-11-17,14.1632
2021-11-18,14.1646
2021-11-21,14.1693
2021-11-22,14.1706
2021-11-23,14.1571
2021-11-24,14.1591
2021-11-25,14.1607
2021-11-26,14.1623
2021-11-28,14.1654
2021-11-29,14.167
2021-11-30,14.1538
2021-12-01,14.1553
2021-12-02,14.1568
2021-12-03,14.1584
2021-12-05,14.1615
2021-12-06,14.1631
2021-12-07,14.1496
2021-12-08,14.1533
2021-12-09,14.1548
2021-12-10,14.1564
2021-12-12,14.1595
2021-12-13,14.1615
2021-12-14,14.1477
2021-12-15,14.1493
2021-12-16,14.1506
2021-12-17,14.1521
2021-12-19,14.1553
2021-12-20,14.1569
2021-12-21,14.143
2021-12-22,14.1446
2021-12-23,14.1463
2021-12-24,14.1484
2021-12-26,14.1516
2021-12-27,14.1533
2021-12-28,14.14
2021-12-29,14.1422
2021-12-30,14.143
2021-12-31,14.1452
2022-01-02,14.1483
2022-01-03,14.1503
2022-01-04,14.1372
2022-01-05,14.139
2022-01-06,14.1405
2022-01-07,14.1421
2022-01-09,14.1452
2022-01-10,14.1468
2022-01-11,14.1334
2022-01-12,14.1352
2022-01-13,14.1368
2022-01-14,14.1384
2022-01-16,14.1416
2022-01-17,14.1433
2022-01-18,14.1296
2022-01-19,14.1301
2022-01-20,14.1318
2022-01-21,14.1339
2022-01-23,14.1373
2022-01-24,14.1389
2022-01-25,14.1256
2022-01-26,14.1273
2022-01-27,14.1282
2022-01-28,14.1302
2022-01-30,14.1333
2022-01-31,14.135
2022-02-01,14.1212
2022-02-02,14.1222
2022-02-03,14.1239
2022-02-04,14.1255
2022-02-06,14.1285
2022-02-07,14.13
2022-02-08,14.1166
2022-02-09,14.1183
2022-02-10,14.1206
2022-02-11,14.1223
2022-02-13,14.1254
2022-02-14,14.1273
2022-02-15,14.1139
2022-02-16,14.1161
2022-02-17,14.1177
2022-02-18,14.1192
2022-02-20,14.1223
2022-02-21,14.1237
2022-02-22,14.1101
2022-02-23,14.1116
2022-02-24,14.1131
2022-02-25,14.1149
2022-02-27,14.118
2022-02-28,14.1193
2022-03-01,14.1208
2022-03-02,14.1075
2022-03-03,14.1086
2022-03-04,14.1101
2022-03-06,14.1133
2022-03-07,14.1147
2022-03-08,14.1013
2022-03-09,14.1028
2022-03-10,14.1043
2022-03-11,14.106
2022-03-13,14.1091
2022-03-14,14.1109
2022-03-15,14.0979
2022-03-16,14.0997
2022-03-17,14.1013
2022-03-20,14.106
2022-03-21,14.1068
2022-03-22,14.0932
2022-03-23,14.0947
2022-03-24,14.0962
2022-03-25,14.0978
2022-03-27,14.101
2022-03-28,14.1026
2022-03-29,14.0891
2022-03-30,14.0905
2022-03-31,14.0939
2022-04-03,14.0988
2022-04-04,14.1019
2022-04-05,14.0883
2022-04-06,14.09
2022-04-07,14.0915
2022-04-08,14.0921
2022-04-10,14.0951
2022-04-11,14.0968
2022-04-12,14.0834
2022-04-13,14.0847
2022-04-17,14.0907
2022-04-18,14.0923
2022-04-19,14.0794
2022-04-20,14.0812
2022-04-21,14.083
2022-04-22,14.0838
2022-04-24,14.0869
2022-04-25,14.0881
2022-04-26,14.0742
2022-04-27,14.0756
2022-04-28,14.077
2022-04-29,14.0782
2022-05-01,14.0814
2022-05-02,14.0834
2022-05-03,14.085
2022-05-04,14.0657
2022-05-05,14.0642
2022-05-06,14.0656
2022-05-08,14.0692
2022-05-09,14.0701
2022-05-10,14.0568
2022-05-11,14.0578
2022-05-12,14.0597
2022-05-13,14.0598
2022-05-16,14.0652
2022-05-17,14.0528
2022-05-18,14.0545
2022-05-19,14.0564
2022-05-20,14.0584
2022-05-22,14.0619
2022-05-23,14.0636
2022-05-24,14.0506
2022-05-25,14.0526
2022-05-26,14.0543
2022-05-27,14.0562
2022-05-29,14.0597
2022-05-30,14.0616
2022-05-31,14.0484
2022-06-01,14.0497
2022-06-02,14.0514
2022-06-03,14.0532
2022-06-05,14.0566
2022-06-06,14.0584
2022-06-07,14.0444
2022-06-08,14.0469
2022-06-09,14.0488
2022-06-10,14.0507
2022-06-12,14.0543
2022-06-13,14.0559
2022-06-14,14.0429
2022-06-15,14.0445
2022-06-16,14.0463
2022-06-17,14.0476
2022-06-19,14.0513
2022-06-20,14.0532
2022-06-21,14.0403
2022-06-22,14.0423
2022-06-23,14.0444
2022-06-24,14.0462
2022-06-26,14.05
2022-06-27,14.0516
2022-06-28,14.0385
2022-06-29,14.0406
2022-06-30,14.0433
2022-07-01,14.0461
2022-07-03,14.0499
2022-07-04,14.0522
2022-07-05,14.039
2022-07-06,14.0416
2022-07-07,14.0436
2022-07-08,14.0452
2022-07-10,14.049
2022-07-11,14.0506
2022-07-12,14.0373
2022-07-13,14.0394
2022-07-14,14.0416
2022-07-15,14.0431
2022-07-17,14.0469
2022-07-18,14.0486
2022-07-19,14.0353
2022-07-20,14.0363
2022-07-21,14.0374
2022-07-22,14.0384
2022-07-24,14.0425
2022-07-25,14.0445
2022-07-26,14.0304
2022-07-27,14.0311
2022-07-28,14.0329
2022-07-29,14.0351
2022-07-31,14.0392
2022-08-01,14.0419
2022-08-02,14.0293
2022-08-03,14.0312
2022-08-04,14.033
2022-08-05,14.0345
2022-08-07,14.0387
2022-08-08,14.0407
2022-08-09,14.0427
2022-08-10,14.0297
2022-08-11,14.032
2022-08-12,14.0339
2022-08-16,14.0421
2022-08-17,14.0292
2022-08-18,14.0304
2022-08-19,14.0328
2022-08-21,14.0368
2022-08-22,14.0389
2022-08-23,14.0259
2022-08-24,14.0279
2022-08-25,14.0298
2022-08-26,14.0319
2022-08-28,14.036
2022-08-29,14.0381
2022-08-30,14.025
2022-08-31,14.027
2022-09-01,14.0292
2022-09-02,14.0315
2022-09-04,14.0355
2022-09-05,14.0377
2022-09-06,14.0248
2022-09-07,14.0268
2022-09-08,14.0288
2022-09-09,14.0306
2022-09-11,14.0346
2022-09-12,14.0363
2022-09-13,14.0233
2022-09-14,14.0248
2022-09-15,14.0265
2022-09-16,14.0281
2022-09-18,14.0324
2022-09-19,14.0343
2022-09-20,14.0211
2022-09-21,14.023
2022-09-22,14.0252
2022-09-23,14.0273
2022-09-25,14.0316
2022-09-26,14.0328
2022-09-27,14.018
2022-09-28,14.0193
2022-09-29,14.0229
2022-09-30,14.0279
2022-10-02,14.0325
2022-10-03,14.0379
2022-10-04,14.0251
2022-10-05,14.0272
2022-10-06,14.0292
2022-10-07,14.0307
2022-10-09,14.0352
2022-10-10,14.037
2022-10-11,14.0224
2022-10-12,14.0242
2022-10-13,14.0266
2022-10-14,14.0283
2022-10-16,14.0331
2022-10-17,14.0354
2022-10-18,14.0231
2022-10-19,14.0253
2022-10-20,14.0274
2022-10-21,14.0282
2022-10-24,14.0355
2022-10-25,14.023
2022-10-26,14.0254
2022-10-27,14.0278
2022-10-28,14.03
2022-10-30,14.0349
2022-10-31,14.0372
2022-11-01,14.0255
2022-11-02,14.029
2022-11-03,14.0316
2022-11-04,14.0337
2022-11-06,14.0384
2022-11-07,14.0413
2022-11-08,14.0437
2022-11-09,14.0312
2022-11-10,14.0339
2022-11-11,14.0363
2022-11-13,14.0411
2022-11-14,14.0436
2022-11-15,14.031
2022-11-16,14.0334
2022-11-17,14.0358
2022-11-18,14.0382
2022-11-20,14.043
2022-11-21,14.0456
2022-11-22,14.0329
2022-11-23,14.0353
2022-11-24,14.0377
2022-11-25,14.0402
2022-11-27,14.045
2022-11-28,14.0477
2022-11-29,14.0352
2022-11-30,14.0377
2022-12-01,14.04
2022-12-02,14.0423
2022-12-04,14.0468
2022-12-05,14.0491
2022-12-06,14.0364
2022-12-07,14.0386
2022-12-08,14.041
2022-12-09,14.0434
2022-12-11,14.0481
2022-12-12,14.0505
2022-12-13,14.0378
2022-12-14,14.0401
2022-12-15,14.0424
2022-12-16,14.0446
2022-12-18,14.0494
2022-12-19,14.0519
2022-12-20,14.0393
2022-12-21,14.042
2022-12-22,14.0446
2022-12-23,14.0471
2022-12-25,14.052
2022-12-26,14.0542
2022-12-27,14.0419
2022-12-28,14.0447
2022-12-29,14.0481
2022-12-30,14.052
2023-01-01,14.0569
2023-01-02,14.0606
2023-01-03,14.0483
2023-01-04,14.0505
2023-01-05,14.053
2023-01-06,14.0554
2023-01-08,14.0601
2023-01-09,14.0626
2023-01-10,14.0499
2023-01-11,14.052
2023-01-12,14.0542
2023-01-13,14.0559
2023-01-15,14.0608
2023-01-16,14.0628
2023-01-17,14.05
2023-01-18,14.0522
2023-01-19,14.0547
2023-01-20,14.0572
2023-01-22,14.0622
2023-01-23,14.0645
2023-01-24,14.0517
2023-01-25,14.054
2023-01-26,14.0565
2023-01-27,14.059
2023-01-29,14.0641
2023-01-30,14.0666
2023-01-31,14.054
2023-02-01,14.0569
2023-02-02,14.0597
2023-02-03,14.0622
2023-02-05,14.0671
2023-02-06,14.0696
2023-02-07,14.057
2023-02-08,14.0592
2023-02-09,14.0616
2023-02-10,14.064
2023-02-12,14.0691
2023-02-13,14.0715
2023-02-14,14.0588
2023-02-15,14.061
2023-02-16,14.0633
2023-02-17,14.0656
2023-02-19,14.0707
2023-02-20,14.0731
2023-02-21,14.0605
2023-02-22,14.0623
2023-02-23,14.0644
2023-02-24,14.0664
2023-02-26,14.0717
2023-02-27,14.0738
2023-02-28,14.0605
2023-03-01,14.0624
2023-03-02,14.0645
2023-03-03,14.0671
2023-03-05,14.0725
2023-03-06,14.075
2023-03-07,14.0777
2023-03-08,14.0654
2023-03-09,14.0684
2023-03-10,14.0734
2023-03-12,14.0787
2023-03-13,14.0822
2023-03-14,14.07
2023-03-15,14.0713
2023-03-16,14.0739
2023-03-17,14.0762
2023-03-19,14.0817
2023-03-20,14.0846
2023-03-21,14.0742
2023-03-22,14.0769
2023-03-23,14.0797
2023-03-24,14.0825
2023-03-26,14.0878
2023-03-27,14.0884
2023-03-28,14.072
2023-03-29,14.0803
2023-03-30,14.0831
2023-03-31,14.0893
2023-04-02,14.0947
2023-04-03,14.0994
2023-04-04,14.1019
2023-04-05,14.0888
2023-04-06,14.0932
2023-04-09,14.1007
2023-04-10,14.1032
2023-04-11,14.0907
2023-04-12,14.0937
2023-04-13,14.0963
2023-04-16,14.1038
2023-04-17,14.1068
2023-04-18,14.0941
2023-04-19,14.0961
2023-04-20,14.0986
2023-04-21,14.1006
2023-04-23,14.1058
2023-04-24,14.1082
2023-04-25,14.0952
2023-04-26,14.0977
2023-04-27,14.0999
2023-04-28,14.1022
2023-05-01,14.1101
2023-05-02,14.0977
2023-05-03,14.1004
2023-05-04,14.103
2023-05-07,14.1107
2023-05-08,14.1134
2023-05-09,14.101
2023-05-10,14.1035
2023-05-11,14.1062
2023-05-12,14.1087
2023-05-14,14.1139
2023-05-15,14.1164
2023-05-16,14.1043
2023-05-17,14.1074
2023-05-18,14.1103
2023-05-19,14.114
2023-05-21,14.119
2023-05-22,14.1229
2023-05-23,14.1098
2023-05-24,14.112
2023-05-25,14.1142
2023-05-26,14.1169
2023-05-28,14.1219
2023-05-29,14.1234
2023-05-30,14.111
2023-05-31,14.1137
2023-06-01,14.1167
2023-06-02,14.1196
2023-06-04,14.1245
2023-06-05,14.1273
2023-06-06,14.1147
2023-06-07,14.1171
2023-06-08,14.1193
2023-06-09,14.1213
2023-06-11,14.1263
2023-06-12,14.1289
2023-06-13,14.1161
2023-06-14,14.1187
2023-06-15,14.1218
2023-06-16,14.1245
2023-06-18,14.1296
2023-06-19,14.1319
2023-06-20,14.1199
2023-06-21,14.1229
2023-06-22,14.1253
2023-06-23,14.1277
2023-06-25,14.1328
2023-06-26,14.1348
2023-06-27,14.1221
2023-06-28,14.1246
2023-06-29,14.1273
2023-06-30,14.1303
2023-07-02,14.1356
2023-07-03,14.1396
2023-07-04,14.1275
2023-07-05,14.13
2023-07-06,14.1326
2023-07-07,14.1351
2023-07-09,14.1403
2023-07-10,14.1429
2023-07-11,14.1304
2023-07-12,14.1333
2023-07-13,14.1361
2023-07-14,14.1386
2023-07-16,14.1437
2023-07-17,14.1462
2023-07-18,14.1337
2023-07-19,14.1364
2023-07-20,14.1389
2023-07-21,14.1414
2023-07-23,14.1465
2023-07-24,14.1491
2023-07-25,14.1366
2023-07-26,14.1392
2023-07-27,14.1416
2023-07-28,14.144
2023-07-30,14.1491
2023-07-31,14.1517
2023-08-01,14.1394
2023-08-02,14.1422
2023-08-03,14.1449
2023-08-04,14.1475
2023-08-06,14.1525
2023-08-07,14.1548
2023-08-08,14.1422
2023-08-09,14.1445
2023-08-10,14.1466
2023-08-11,14.1491
2023-08-13,14.1543
2023-08-14,14.1569
2023-08-16,14.1621
2023-08-17,14.1491
2023-08-18,14.1518
2023-08-20,14.157
2023-08-21,14.1596
2023-08-22,14.1474
2023-08-23,14.15
2023-08-24,14.1528
2023-08-25,14.1555
2023-08-27,14.1608
2023-08-28,14.1636
2023-08-29,14.1513
2023-08-30,14.154
2023-08-31,14.1568
2023-09-01,14.1597
2023-09-03,14.165
2023-09-04,14.1676
2023-09-05,14.1552
2023-09-06,14.1579
2023-09-07,14.1603
2023-09-08,14.1626
2023-09-10,14.1678
2023-09-11,14.1705
2023-09-12,14.1575
2023-09-13,14.16
2023-09-14,14.1631
2023-09-15,14.1658
2023-09-17,14.171
2023-09-18,14.1735
2023-09-19,14.1761
2023-09-20,14.1636
2023-09-21,14.1664
2023-09-22,14.1691
2023-09-24,14.1743
2023-09-25,14.1768
2023-09-26,14.1639
2023-09-27,14.1669
2023-09-28,14.1693
2023-09-29,14.1729
2023-09-30,14.1755
2023-10-02,14.1807
2023-10-03,14.1685
2023-10-04,14.1717
2023-10-05,14.1742
2023-10-06,14.1763
2023-10-08,14.1815
2023-10-09,14.1841
2023-10-10,14.1716
2023-10-11,14.1739
2023-10-12,14.1766
2023-10-13,14.1791
2023-10-15,14.1844
2023-10-16,14.187
2023-10-17,14.1747
2023-10-18,14.1774
2023-10-19,14.1796
2023-10-20,14.1817
2023-10-22,14.1871
2023-10-23,14.1897
2023-10-24,14.1923
2023-10-25,14.18
2023-10-26,14.1825
2023-10-27,14.185
2023-10-29,14.1903
2023-10-30,14.1932
2023-10-31,14.1809
2023-11-01,14.1836
2023-11-02,14.1864
2023-11-03,14.1891
2023-11-05,14.1945
2023-11-06,14.1972
2023-11-07,14.1849
2023-11-08,14.1874
2023-11-09,14.19
2023-11-10,14.1925
2023-11-12,14.1979
2023-11-13,14.2008
2023-11-14,14.2035
2023-11-15,14.1913
2023-11-16,14.194
2023-11-17,14.1966
2023-11-19,14.2019
2023-11-20,14.2046
2023-11-21,14.1923
2023-11-22,14.1949
2023-11-23,14.1975
2023-11-24,14.2001
2023-11-27,14.2081
2023-11-28,14.1958
2023-11-29,14.1982
2023-11-30,14.2009
2023-12-01,14.2034
2023-12-03,14.2088
2023-12-04,14.2114
2023-12-05,14.1992
2023-12-06,14.2021
2023-12-07,14.2048
2023-12-08,14.2076
2023-12-10,14.213
2023-12-11,14.2153
2023-12-12,14.2022
2023-12-13,14.2049
2023-12-14,14.2076
2023-12-15,14.2095
2023-12-17,14.2151
2023-12-18,14.2173
2023-12-19,14.2056
2023-12-20,14.2084
2023-12-21,14.2113
2023-12-22,14.214
2023-12-25,14.2224
2023-12-26,14.2099
2023-12-27,14.2122
2023-12-28,14.2162
2023-12-29,14.221
2023-12-31,14.2265
2024-01-01,14.2302
2024-01-02,14.2184
2024-01-03,14.2216
2024-01-04,14.2249
2024-01-05,14.2276
2024-01-07,14.2331
2024-01-08,14.236
2024-01-09,14.2249
2024-01-10,14.2277
2024-01-11,14.2304
2024-01-12,14.2332
2024-01-14,14.2386
2024-01-15,14.2411
2024-01-16,14.2286
2024-01-17,14.2309
2024-01-18,14.2336
2024-01-19,14.2362
2024-01-22,14.2444
2024-01-23,14.2311
2024-01-24,14.2335
2024-01-25,14.2361
2024-01-28,14.2444
2024-01-29,14.2472
2024-01-30,14.2348
2024-01-31,14.2371
2024-02-01,14.2401
2024-02-02,14.2432
2024-02-04,14.2487
2024-02-05,14.2515
2024-02-06,14.2391
2024-02-07,14.2418
2024-02-08,14.2442
2024-02-09,14.247
2024-02-11,14.2526
2024-02-12,14.2553
2024-02-13,14.243
2024-02-14,14.2458
2024-02-15,14.2489
2024-02-16,14.2519
2024-02-19,14.2603
2024-02-20,14.2483
2024-02-21,14.2514
2024-02-22,14.255
2024-02-23,14.2577
2024-02-25,14.2632
2024-02-26,14.2657
2024-02-27,14.2538
2024-02-28,14.2565
2024-02-29,14.2599
2024-03-01,14.2625
2024-03-03,14.268
2024-03-04,14.2712
2024-03-05,14.2591
2024-03-06,14.2616
2024-03-07,14.2644
2024-03-10,14.2727
2024-03-11,14.2758
2024-03-12,14.2638
2024-03-13,14.2669
2024-03-14,14.2693
2024-03-15,14.2721
2024-03-17,14.2777
2024-03-18,14.2804
2024-03-19,14.2683
2024-03-20,14.2709
2024-03-21,14.2732
2024-03-22,14.2751
2024-03-25,14.2838
2024-03-26,14.2706
2024-03-27,14.2731
2024-03-28,14.2807
2024-03-31,14.289
2024-04-01,14.2918
2024-04-02,14.2826
2024-04-03,14.2856
2024-04-04,14.2886
2024-04-05,14.2917
2024-04-07,14.297
2024-04-08,14.3006
2024-04-09,14.3032
2024-04-10,14.2923
2024-04-11,14.2949
2024-04-12,14.2974
2024-04-14,14.3026
2024-04-15,14.3056
2024-04-16,14.2934
2024-04-17,14.2959
2024-04-18,14.2983
2024-04-19,14.3006
2024-04-21,14.3058
2024-04-22,14.3085
2024-04-23,14.2961
2024-04-24,14.2984
2024-04-25,14.3002
2024-04-26,14.3022
2024-04-28,14.3076
2024-04-29,14.3102
2024-04-30,14.2979
2024-05-01,14.3005
2024-05-02,14.3031
2024-05-03,14.3059
2024-05-05,14.3111
2024-05-06,14.3138
2024-05-07,14.3009
2024-05-08,14.303
2024-05-09,14.3053
2024-05-10,14.3076
2024-05-12,14.3131
2024-05-13,14.3159
2024-05-14,14.3041
2024-05-15,14.3069
2024-05-16,14.3096
2024-05-17,14.3125
2024-05-20,14.3206
2024-05-21,14.3099
2024-05-22,14.3126
2024-05-23,14.3152
2024-05-24,14.3179
2024-05-26,14.3232
2024-05-27,14.3258
2024-05-28,14.3134
2024-05-29,14.3161
2024-05-30,14.3186
2024-05-31,14.3211
2024-06-02,14.3265
2024-06-03,14.3294
2024-06-04,14.3169
2024-06-05,14.3197
2024-06-06,14.3224
2024-06-07,14.325
2024-06-09,14.3302
2024-06-10,14.3329
2024-06-11,14.3207
2024-06-12,14.3234
2024-06-13,14.326
2024-06-14,14.3286
2024-06-17,14.3367
2024-06-18,14.3243
2024-06-19,14.327
2024-06-20,14.3297
2024-06-21,14.3324
2024-06-23,14.3377
2024-06-24,14.3403
2024-06-25,14.3275
2024-06-26,14.3299
2024-06-27,14.3325
2024-06-28,14.336
2024-06-30,14.3414
2024-07-01,14.3455
2024-07-02,14.3342
2024-07-03,14.3367
2024-07-04,14.3393
2024-07-05,14.3419
2024-07-07,14.3471
2024-07-08,14.3495
2024-07-09,14.3372
2024-07-10,14.34
2024-07-11,14.3427
2024-07-12,14.3455
2024-07-14,14.3508
2024-07-15,14.3536
2024-07-16,14.3412
2024-07-17,14.3438
2024-07-18,14.3466
2024-07-19,14.3493
2024-07-21,14.3546
2024-07-22,14.3572
2024-07-23,14.3448
2024-07-24,14.3475
2024-07-25,14.3501
2024-07-26,14.3528
2024-07-28,14.3581
2024-07-29,14.3608
2024-07-30,14.3485
2024-07-31,14.3511
2024-08-01,14.3539
2024-08-02,14.3564
2024-08-04,14.3617
2024-08-05,14.3644
2024-08-06,14.3518
2024-08-07,14.3545
2024-08-08,14.3573
2024-08-09,14.36
2024-08-11,14.3653
2024-08-12,14.3681
2024-08-13,14.3557
2024-08-14,14.3586
2024-08-15,14.3613
2024-08-16,14.364
2024-08-18,14.3693
2024-08-19,14.3719
2024-08-20,14.3599
2024-08-21,14.3625
2024-08-22,14.3652
2024-08-23,14.368
2024-08-25,14.3734
2024-08-26,14.376
2024-08-27,14.3637
2024-08-28,14.3664
2024-08-29,14.369
2024-08-30,14.3717
2024-09-01,14.3772
2024-09-02,14.3802
2024-09-03,14.3678
2024-09-04,14.3705
2024-09-05,14.3732
2024-09-06,14.3758
2024-09-08,14.3812
2024-09-09,14.3839
2024-09-10,14.3715
2024-09-11,14.3743
2024-09-12,14.3768
2024-09-13,14.3796
2024-09-15,14.3851
2024-09-16,14.3879
2024-09-17,14.3758
2024-09-18,14.3786
2024-09-19,14.3816
2024-09-20,14.3846
2024-09-22,14.3902
2024-09-23,14.3932
2024-09-24,14.3812
2024-09-25,14.3839
2024-09-26,14.3867
2024-09-27,14.3895
2024-09-29,14.395
2024-09-30,14.3991
2024-10-01,14.3878
2024-10-02,14.3905
2024-10-03,14.3938
2024-10-04,14.3965
2024-10-06,14.4019
2024-10-07,14.4048
2024-10-08,14.3929
2024-10-09,14.3959
2024-10-10,14.3986
2024-10-11,14.4016
2024-10-13,14.4069
2024-10-14,14.4095
2024-10-15,14.3971
2024-10-16,14.3997
2024-10-17,14.4022
2024-10-18,14.405
2024-10-20,14.4104
2024-10-21,14.4131
2024-10-22,14.4005
2024-10-23,14.4033
2024-10-24,14.4058
2024-10-25,14.4087
2024-10-27,14.4142
2024-10-28,14.4168
2024-10-29,14.4046
2024-10-30,14.4074
2024-10-31,14.4102
2024-11-03,14.4184
2024-11-04,14.4212
2024-11-05,14.4096
2024-11-06,14.4122
2024-11-07,14.415
2024-11-08,14.4178
2024-11-10,14.4232
2024-11-11,14.4259
2024-11-12,14.4136
2024-11-13,14.4166
2024-11-14,14.4194
2024-11-17,14.4274
2024-11-18,14.43
2024-11-19,14.4179
2024-11-20,14.4205
2024-11-21,14.4231
2024-11-22,14.4259
2024-11-24,14.4314
2024-11-25,14.4341
2024-11-26,14.4218
2024-11-27,14.4246
2024-11-28,14.427
2024-11-29,14.4299
2024-12-01,14.4354
2024-12-02,14.4383
2024-12-03,14.4258
2024-12-04,14.4286
2024-12-05,14.4314
2024-12-06,14.4345
2024-12-08,14.4399
2024-12-09,14.4425
2024-12-10,14.4301
2024-12-11,14.4329
2024-12-12,14.4355
2024-12-13,14.4378
2024-12-15,14.4433
2024-12-16,14.4477
2024-12-17,14.4352
2024-12-18,14.4379
2024-12-19,14.4403
2024-12-20,14.4431
2024-12-22,14.4488
2024-12-23,14.4511
2024-12-24,14.4374
2024-12-25,14.4403
2024-12-26,14.4428
2024-12-27,14.4456
2024-12-29,14.4515
2024-12-30,14.4542
2024-12-31,14.4455
2025-01-01,14.449
2025-01-02,14.4528
2025-01-03,14.4553
2025-01-05,14.4609
2025-01-06,14.4639
2025-01-07,14.4518
2025-01-08,14.4534
2025-01-09,14.4553
2025-01-10,14.4581
2025-01-12,14.4639
2025-01-13,14.467
2025-01-14,14.4552
2025-01-15,14.4582
2025-01-16,14.4614
2025-01-17,14.4642
2025-01-19,14.4699
2025-01-20,14.4726
2025-01-21,14.4605
2025-01-22,14.4629
2025-01-23,14.4657
2025-01-24,14.4684
2025-01-26,14.4742
2025-01-27,14.4771
2025-01-28,14.4655
2025-01-29,14.4687
2025-01-30,14.4716
2025-01-31,14.4744
2025-02-02,14.4802
2025-02-03,14.4831
2025-02-04,14.4716
2025-02-05,14.4754
2025-02-06,14.479
2025-02-07,14.482
2025-02-09,14.4876
2025-02-10,14.4899
2025-02-11,14.4782
2025-02-12,14.4813
2025-02-13,14.484
2025-02-14,14.4869
2025-02-16,14.4924
2025-02-17,14.4951
2025-02-18,14.4828
2025-02-19,14.4856
2025-02-20,14.4882
2025-02-21,14.4912
2025-02-23,14.4967
2025-02-24,14.4999
2025-02-25,14.4874
2025-02-26,14.4901
2025-02-27,14.4926
2025-02-28,14.4953
2025-03-02,14.5008
2025-03-03,14.5035
2025-03-04,14.4912
2025-03-05,14.4939
2025-03-06,14.4967
2025-03-07,14.4986
2025-03-09,14.5041
2025-03-10,14.5068
2025-03-11,14.4942
2025-03-12,14.4967
2025-03-13,14.4996
2025-03-16,14.5079
2025-03-17,14.5104
2025-03-18,14.4978
2025-03-19,14.5004
2025-03-20,14.5032
2025-03-21,14.5066
2025-03-23,14.5121
2025-03-24,14.5157
2025-03-25,14.5037
2025-03-26,14.5074
2025-03-27,14.5087
2025-03-28,14.5196
2025-03-31,14.5278
2025-04-01,14.5305
2025-04-02,14.5239
2025-04-03,14.5294
2025-04-04,14.5319
2025-04-06,14.5368
2025-04-07,14.5945
2025-04-08,14.5824
2025-04-09,14.5857
2025-04-10,14.5881
2025-04-11,14.5907
2025-04-14,14.5979
2025-04-15,14.5848
2025-04-16,14.587
2025-04-17,14.5894
2025-04-20,14.5968
2025-04-21,14.5993
2025-04-22,14.5868
2025-04-23,14.5894
2025-04-24,14.592
2025-04-25,14.5943
2025-04-27,14.5993
2025-04-28,14.6013
2025-04-29,14.5879
2025-04-30,14.5903
2025-05-01,14.5929
2025-05-02,14.5956
2025-05-04,14.6006
2025-05-05,14.6035
2025-05-06,14.5909
2025-05-07,14.593
2025-05-08,14.595
2025-05-09,14.5968
2025-05-12,14.6046
2025-05-13,14.5935
2025-05-14,14.5963
2025-05-15,14.5985
2025-05-16,14.6012
2025-05-18,14.6062
2025-05-19,14.609
2025-05-20,14.5968
2025-05-21,14.5999
2025-05-22,14.6032
2025-05-23,14.606
2025-05-25,14.611
2025-05-26,14.6137
2025-05-27,14.6012
2025-05-28,14.6037
2025-05-29,14.6062
2025-05-30,14.6088
2025-06-01,14.6137
2025-06-02,14.6164
2025-06-03,14.6044
2025-06-04,14.6065
2025-06-05,14.6095
2025-06-06,14.6164
2025-06-08,14.621
2025-06-09,14.6236
2025-06-10,14.611
2025-06-11,14.6129
2025-06-12,14.6148
2025-06-13,14.6167
2025-06-15,14.6213
2025-06-16,14.6235
2025-06-17,14.6109
2025-06-18,14.613
2025-06-19,14.6154
2025-06-20,14.6178
2025-06-22,14.6224
2025-06-23,14.6249
2025-06-24,14.6123
2025-06-25,14.614
2025-06-26,14.6162
2025-06-27,14.6177
2025-06-29,14.6223
2025-06-30,14.6263
2025-07-01,14.6149
2025-07-02,14.618
2025-07-03,14.6211
2025-07-04,14.6235
2025-07-06,14.6278
2025-07-07,14.6305
2025-07-08,14.6175
2025-07-09,14.6193
2025-07-10,14.6215
2025-07-11,14.6234
2025-07-13,14.6278
2025-07-14,14.6303
2025-07-15,14.6173
2025-07-16,14.6197
2025-07-17,14.622
2025-07-18,14.6241
2025-07-20,14.6286
2025-07-21,14.6307
2025-07-22,14.618
2025-07-23,14.6204
2025-07-24,14.6225
2025-07-25,14.6245
2025-07-27,14.6291
2025-07-28,14.6312
2025-07-29,14.6183
2025-07-30,14.62
2025-07-31,14.6225
2025-08-01,14.6253
2025-08-03,14.6298
2025-08-04,14.6323
2025-08-05,14.6195
2025-08-06,14.6216
2025-08-07,14.6239
2025-08-08,14.6259
2025-08-10,14.6304
2025-08-11,14.6324
2025-08-12,14.6196
2025-08-13,14.6223
2025-08-14,14.6248
2025-08-17,14.6315
2025-08-18,14.6339
2025-08-19,14.6211
2025-08-20,14.6235
2025-08-21,14.6258
2025-08-22,14.6279
2025-08-24,14.6325
2025-08-25,14.6348
2025-08-26,14.6218
2025-08-27,14.6241
2025-08-28,14.626
2025-08-29,14.6282
2025-08-31,14.6328
2025-09-01,14.635
2025-09-02,14.6219
2025-09-03,14.6243
2025-09-04,14.6266
2025-09-05,14.6289
2025-09-07,14.6334
2025-09-08,14.6356
2025-09-09,14.6226
2025-09-10,14.6245
2025-09-11,14.6269
2025-09-12,14.6289
2025-09-14,14.6335
2025-09-15,14.6359
2025-09-16,14.6235
2025-09-17,14.6259
2025-09-18,14.6284
2025-09-19,14.6305
2025-09-21,14.635
2025-09-22,14.6371
2025-09-23,14.6242
2025-09-24,14.6263
2025-09-25,14.6279
2025-09-26,14.6303
2025-09-28,14.6349
2025-09-29,14.6369
2025-09-30,14.6273
2025-10-01,14.63
2025-10-02,14.6323
2025-10-03,14.6348
2025-10-05,14.6392
2025-10-06,14.6416
2025-10-07,14.6286
2025-10-08,14.6308
2025-10-09,14.6327
2025-10-10,14.6347
2025-10-12,14.6391
2025-10-13,14.6413
2025-10-14,14.6285
2025-10-15,14.6305
2025-10-16,14.6326
2025-10-17,14.6342
2025-10-19,14.6387
2025-10-20,14.6412
2025-10-21,14.6434
2025-10-22,14.6457
2025-10-23,14.6331
2025-10-24,14.6352
2025-10-26,14.6397
2025-10-27,14.6421
2025-10-28,14.6296
2025-10-29,14.6315
2025-10-30,14.6337
2025-10-31,14.636
2025-11-02,14.6406
2025-11-03,14.6435
2025-11-04,14.6307
2025-11-05,14.633
2025-11-06,14.635
2025-11-07,14.6374
2025-11-09,14.6419
2025-11-10,14.6441
2025-11-11,14.6315
2025-11-12,14.6338
2025-11-13,14.6362
2025-11-14,14.6385
2025-11-16,14.6431
2025-11-17,14.6452
2025-11-18,14.6326
2025-11-19,14.6349
