Date,NAV,1D_Abs,1M_Abs,3M_Abs,6M_Abs,YTD_Abs,1Y_Abs,1Y_CAGR,2Y_Abs,2Y_CAGR,3Y_Abs,3Y_CAGR,5Y_Abs,5Y_CAGR,10Y_Abs,10Y_CAGR,Inception_Abs,Inception_CAGR,ISIN,Scheme Name,Scheme Code
2025-11-26,13.3753,0.015295510786561106,-0.022766294778218565,0.051236304761305806,0.006145814527291238,-0.04517386369314902,-0.04039230035226682,-0.04039230035226682,,,,,,,,,0.3284566411410068,0.15998661691054927,INF966L01DG1,Quant Commodities Fund,152257
2025-11-26,12.9929,0.015252740726849234,-0.023926859684180513,0.04748506518111251,-0.0010609916427687383,-0.057590901507953096,-0.054243308754485575,-0.054243308754485575,,,,,,,,,0.2905914138705128,0.14259073792782684,INF966L01DD8,Quant Commodities Fund,152258
2025-11-26,13.3753,0.015295510786561106,-0.022766294778218565,0.051236304761305806,0.006145814527291238,-0.04517386369314902,-0.04039230035226682,-0.04039230035226682,,,,,,,,,0.3284566411410068,0.15998661691054927,INF966L01DH9,Quant Commodities Fund,152257
2025-11-26,13.3793,0.015290867974927513,-0.02277391882317714,0.05124498118188758,0.006166665413279482,-0.04514052441513572,-0.04035317998264221,-0.04035317998264221,,,,,,,,,0.3288539276739866,0.16016787253169618,INF966L01DF3,Quant Commodities Fund,152255
2025-11-26,12.9949,0.015258289321541163,-0.023930596762684497,0.04748585339115574,-0.0010608285224503744,-0.057589382841395365,-0.054249179421118954,-0.054249179421118954,,,,,,,,,0.29079007489520636,0.1426826371190224,INF966L01DC0,Quant Commodities Fund,152256
2025-11-26,12.9929,0.015252740726849234,-0.023926859684180513,0.04748506518111251,-0.0010609916427687383,-0.057590901507953096,-0.054243308754485575,-0.054243308754485575,,,,,,,,,0.2905914138705128,0.14259073792782684,INF966L01DE6,Quant Commodities Fund,152258
2025-11-26,220.1133,0.010175028293288424,-0.012139936441486143,0.04242967576760304,0.03303881851153778,0.0035498259053401426,-0.0080348379106987,-0.0080348379106987,0.37106877104597324,0.17092645842767307,0.890643896707163,0.23652598045755835,3.2247909804915125,0.3340160214482626,4.843167809037382,0.1930670069263063,4.844021059506646,0.1928828026855769,INF966L01671,QUANT SMALL CAP FUND,120827
2025-11-26,258.3756,0.010152127481977802,-0.0128366281366602,0.04019836491462847,0.02854194789369835,-0.00467929656847732,-0.017066014967572207,-0.017066014967572207,0.34586957688094455,0.16011619111231457,0.8337021428804621,0.22398547525030188,2.9618983946969335,0.31698450932348043,4.881288724796161,0.19384308994474564,4.882145637831414,0.19365798418398983,INF966L01AA0,QUANT SMALL CAP FUND,100177
2025-11-26,205.476,0.010151860027235449,-0.012835597030377843,0.04020942291755358,0.028549975597241817,-0.004695190445120345,-0.017079931976856866,-0.017079931976856866,0.34601023480304693,0.16017681187095234,0.8340536516658366,0.22406368027409496,2.9722010110480683,0.3176687416457884,4.503428326548104,0.18594167684699614,4.504224416430489,0.18576521008731128,INF966L01044,QUANT SMALL CAP FUND,100176
2025-11-26,205.476,0.010151860027235449,-0.012835597030377843,0.04020942291755358,0.028549975597241817,-0.004695190445120345,-0.017079931976856866,-0.017079931976856866,0.34601023480304693,0.16017681187095234,0.8340536516658366,0.22406368027409496,2.9722010110480683,0.3176687416457884,4.503428326548104,0.18594167684699614,4.504224416430489,0.18576521008731128,INF206A01022,QUANT SMALL CAP FUND,100176
2025-11-26,281.5842,0.01017514392036678,-0.012139161478001315,0.04243071759611472,0.03304195464265791,0.003557912211554548,-0.008025370047378577,-0.008025370047378577,0.37107406990825087,0.1709287211048549,0.8905830788691316,0.2365127215455518,3.2278767240525035,0.3342108348368864,5.355097453304565,0.20312907312475237,5.356015529772923,0.20293345592021828,INF966L01689,QUANT SMALL CAP FUND,120828
2025-11-26,220.1133,0.010175028293288424,-0.012139936441486143,0.04242967576760304,0.03303881851153778,0.0035498259053401426,-0.0080348379106987,-0.0080348379106987,0.37106877104597324,0.17092645842767307,0.890643896707163,0.23652598045755835,3.2247909804915125,0.3340160214482626,4.843167809037382,0.1930670069263063,4.844021059506646,0.1928828026855769,INF966L01663,QUANT SMALL CAP FUND,120827
2025-11-26,14.5475,0.007535304424913569,-0.02858001402290411,0.04960317460317465,-0.011302314833693594,-0.05624574264491233,-0.0694364485383483,-0.0694364485383483,0.28105214029711423,0.13183573909693913,,,,,,,0.45274521160798087,0.17792078047237414,INF966L01CN9,Quant Manufacturing Fund,151913
2025-11-26,14.6585,0.007533215569561991,-0.028582221102996797,0.049592221052706886,-0.011304388881769323,-0.056311642160018605,-0.06949654992922116,-0.06949654992922116,0.290156489288669,0.1358505576389304,,,,,,,0.46382991471768964,0.18185327595395484,INF966L01CP4,Quant Manufacturing Fund,151915
2025-11-26,15.0756,0.007572365211230725,-0.027455938895053378,0.05333174961396825,-0.004194436921613587,-0.043517431716524446,-0.055531888234557125,-0.055531888234557125,0.320903172670002,0.14930551754962096,,,,,,,0.5052870166049266,0.19641458523420474,INF966L01CJ7,Quant Manufacturing Fund,151916
2025-11-26,14.6585,0.007533215569561991,-0.028582221102996797,0.049592221052706886,-0.011304388881769323,-0.056311642160018605,-0.06949654992922116,-0.06949654992922116,0.290156489288669,0.1358505576389304,,,,,,,0.46382991471768964,0.18185327595395484,INF966L01CO7,Quant Manufacturing Fund,151915
2025-11-26,15.0723,0.007574035697573311,-0.027461785145084128,0.05327044025157224,-0.004261138417631094,-0.04359937561074656,-0.05562030075187974,-0.05562030075187974,0.3205446086720345,0.14914951536866372,,,,,,,0.504957514153628,0.19629974529626915,INF966L01CL3,Quant Manufacturing Fund,151914
2025-11-26,15.0723,0.007574035697573311,-0.027461785145084128,0.05327044025157224,-0.004261138417631094,-0.04359937561074656,-0.05562030075187974,-0.05562030075187974,0.3205446086720345,0.14914951536866372,,,,,,,0.504957514153628,0.19629974529626915,INF966L01CK5,Quant Manufacturing Fund,151914
2025-11-26,75.9611,0.013302402889924458,-0.00293628125295331,0.04973017792364831,-0.01620722033349531,-0.033517228743666916,-0.02941360615666888,-0.02941360615666888,0.24941157119947377,0.1177708044136212,0.5485894503361752,0.1569433623506491,2.069941600824459,0.2514860782505064,3.8213657799696605,0.17035336488127717,3.8408149479345903,0.17064786867074222,INF966L01150,QUANT MID CAP FUND,101066
2025-11-26,84.5125,0.013330823362393884,-0.0020852742560729665,0.052450352238523346,-0.01102341011883512,-0.023876266607530394,-0.018646443322731687,-0.018646443322731687,0.27728180225765864,0.13016892642545197,0.6044473638747083,0.1706897736702555,2.2969551563383854,0.269470484932969,4.3641020107647,0.18290455147791018,4.385774735849297,0.18319088106230064,INF966L01879,QUANT MID CAP FUND,120840
2025-11-26,213.6719,0.013302229984886171,-0.0029365211207403874,0.049729426994416626,-0.016207771829638395,-0.03351786508270005,-0.029414383272298505,-0.029414383272298505,0.24926712106914373,0.11770618727335669,0.5473514144521496,0.1566349700334393,2.055856445959146,0.25033557982248666,3.8001702858015793,0.169837838170243,3.819540087290936,0.17013285459220406,INF966L01176,QUANT MID CAP FUND,101065
2025-11-26,84.5125,0.013330823362393884,-0.0020852742560729665,0.052450352238523346,-0.01102341011883512,-0.023876266607530394,-0.018646443322731687,-0.018646443322731687,0.27728180225765864,0.13016892642545197,0.6044473638747083,0.1706897736702555,2.2969551563383854,0.269470484932969,4.3641020107647,0.18290455147791018,4.385774735849297,0.18319088106230064,INF966L01861,QUANT MID CAP FUND,120840
2025-11-26,240.6092,0.013330727805599407,-0.0020836824109666807,0.05245955993475526,-0.011011224963325406,-0.023866880980412453,-0.018634624640057496,-0.018634624640057496,0.2771819415714256,0.13012474602206003,0.6123023480684269,0.17259713522039877,2.313122133315708,0.27071304732662504,4.376525636957619,0.1831782351212221,4.398226236709676,0.18346387997820646,INF966L01887,QUANT MID CAP FUND,120841
2025-11-26,75.9611,0.013302402889924458,-0.00293628125295331,0.04973017792364831,-0.01620722033349531,-0.033517228743666916,-0.02941360615666888,-0.02941360615666888,0.24941157119947377,0.1177708044136212,0.5485894503361752,0.1569433623506491,2.069941600824459,0.2514860782505064,3.8213657799696605,0.17035336488127717,3.8408149479345903,0.17064786867074222,INF966L01168,QUANT MID CAP FUND,101066
2025-11-26,15.9339,0.017230592441266568,-0.006918086120823341,0.04236473181868727,0.0025545355590090857,-0.014588925033086286,-0.015550860023724855,-0.015550860023724855,0.39382249514512147,0.18060259831372627,,,,,,,0.5922913189898968,0.21787235617406964,INF966L01CF5,Quant Healthcare Fund,151854
2025-11-26,15.9339,0.017230592441266568,-0.006918086120823341,0.04236473181868727,0.0025545355590090857,-0.014588925033086286,-0.015550860023724855,-0.015550860023724855,0.39382249514512147,0.18060259831372627,,,,,,,0.5922913189898968,0.21787235617406964,INF966L01CE8,Quant Healthcare Fund,151854
2025-11-26,15.3298,0.01718555086657636,-0.008216448423994493,0.038280752610974966,-0.005372227917418093,-0.028991290577988882,-0.03151869705029464,-0.03151869705029464,0.34906233224503436,0.16149142581640885,,,,,,,0.5320760751156817,0.19814037674892537,INF966L01CG3,Quant Healthcare Fund,151855
2025-11-26,15.3293,0.0171861210460309,-0.008216714220091514,0.03825391987537685,-0.0053917624769665995,-0.0290229612034838,-0.03155028524136538,-0.03155028524136538,0.3488284102807768,0.16139072248781838,,,,,,,0.532026104598287,0.19812381797183964,INF966L01CI9,Quant Healthcare Fund,151856
2025-11-26,15.9352,0.01722916254396667,-0.006917525644700828,0.04238158471410913,0.0025732495297057234,-0.014563376971930664,-0.015531365450434209,-0.015531365450434209,0.39397279447141664,0.18066625024662097,,,,,,,0.5924212293517472,0.21791445750133454,INF966L01CD0,Quant Healthcare Fund,151853
2025-11-26,15.3293,0.0171861210460309,-0.008216714220091514,0.03825391987537685,-0.0053917624769665995,-0.0290229612034838,-0.03155028524136538,-0.03155028524136538,0.3488284102807768,0.16139072248781838,,,,,,,0.532026104598287,0.19812381797183964,INF966L01CH1,Quant Healthcare Fund,151856
2025-11-26,428.1715,0.014770370998861582,0.006074916450513834,0.08737273565331782,0.076765244271225,0.09077997742887933,0.06914737686882266,0.06914737686882266,0.3519184500843031,0.1627202802412553,0.561154135036789,0.16006394193626128,2.309576536153076,0.2704409555495879,6.10478850149008,0.21662045906532135,6.206927661665918,0.21812793049269863,INF966L01986,Quant ELSS Tax Saver Fund,120847
2025-11-26,57.0775,0.01476884018290825,0.006074076946533724,0.08737066904420354,0.07676127413528033,0.09077861842671031,0.06914533932990041,0.06914533932990041,0.35193229620646527,0.1627262344191196,0.5611879552410677,0.16007231892593032,2.3057552081825077,0.2701474427547659,3.5949459820637912,0.16473745370474568,3.6609858073788564,0.16622885512530394,INF966L01960,Quant ELSS Tax Saver Fund,120846
2025-11-26,52.9441,0.014742721116858926,0.005217460645954963,0.08454227011082205,0.0710491179802557,0.07980428788200178,0.05725382910318122,0.05725382910318122,0.32328160421097873,0.1503397777226425,0.5096261868780474,0.14715774146013838,2.0861298125965435,0.2528031537491635,3.3158722783334555,0.15746231062809657,3.3778972175135404,0.15895124354723977,INF966L01119,Quant ELSS Tax Saver Fund,100174
2025-11-26,381.2734,0.014742606540103731,0.005218378034353766,0.08454493865052481,0.07105226639009676,0.07986151431334099,0.05731003557889869,0.05731003557889869,0.32351487313782035,0.15044116457027923,0.5090840293494376,0.14702039737687778,2.0776198724954753,0.2521114745753783,5.373656390316314,0.20347996479434372,5.4652744923481285,0.20498349102169433,INF966L01135,Quant ELSS Tax Saver Fund,100175
2025-11-26,111.7838,0.012165859895219233,0.01079482774211038,0.08196334148633744,0.046515851676540265,0.055788267717948425,0.055730434281644925,0.055730434281644925,0.38949375569458033,0.1787678972955533,0.6136961740619211,0.17293493902822887,2.2526304150469056,0.2660385905099183,5.201116140771314,0.200181661422705,5.212178300906398,0.20018571010568387,INF966L01911,QUANT FLEXI CAP FUND,120843
2025-11-26,75.9851,0.012165686715917445,0.010793668530350464,0.0819711114022248,0.0465258170699796,0.054767024293549404,0.054720173674296824,0.054720173674296824,0.3884313678913449,0.1783171762693374,0.6126383479949491,0.1726785850357062,2.247601218944066,0.2656468400106551,4.970667274327383,0.19564509626723314,4.981336146162143,0.19565382010003507,INF966L01903,QUANT FLEXI CAP FUND,120842
2025-11-26,75.9851,0.012165686715917445,0.010793668530350464,0.0819711114022248,0.0465258170699796,0.054767024293549404,0.054720173674296824,0.054720173674296824,0.3884313678913449,0.1783171762693374,0.6126383479949491,0.1726785850357062,2.247601218944066,0.2656468400106551,4.970667274327383,0.19564509626723314,4.981336146162143,0.19565382010003507,INF966L01895,QUANT FLEXI CAP FUND,120842
2025-11-26,71.5933,0.012135452230794153,0.0098597489501977,0.07894356114836865,0.04063810458228856,0.04473671921970124,0.043518502323357744,0.043518502323357744,0.35758698566625635,0.1651553482974948,0.5573307984460039,0.15911615155617476,2.089753659715509,0.2530972331610808,4.629023634676773,0.18862074906060822,4.639043793320731,0.18863532133430994,INF966L01440,QUANT FLEXI CAP FUND,109831
2025-11-26,100.1699,0.012135125276728331,0.009859676042096144,0.07894382528352328,0.040638657941513445,0.04476417947808664,0.043546248094851636,0.043546248094851636,0.35767629343294427,0.16519367207041769,0.5543832969965938,0.1583844178670848,2.0950547667969532,0.25352692751201733,4.640070043467489,0.18885379853929662,4.650122963765173,0.1888684258792117,INF966L01457,QUANT FLEXI CAP FUND,109830
2025-11-26,71.5933,0.012135452230794153,0.0098597489501977,0.07894356114836865,0.04063810458228856,0.04473671921970124,0.043518502323357744,0.043518502323357744,0.35758698566625635,0.1651553482974948,0.5573307984460039,0.15911615155617476,2.089753659715509,0.2530972331610808,4.629023634676773,0.18862074906060822,4.639043793320731,0.18863532133430994,INF966L01432,QUANT FLEXI CAP FUND,109831
2025-11-26,56.5293,0.011527222819678107,-0.007301769599140195,0.05216792458097963,0.03632403813895668,0.04278939009070326,0.01960964682073718,0.01960964682073718,0.3156537504625674,0.14701950744639358,0.5335302830541855,0.15318093072803696,1.6454376983049896,0.21478524320293335,1.9525383892196801,0.11434470890524628,2.003889747963462,0.11615027019535584,INF966L01846,QUANT FOCUSED FUND,120835
2025-11-26,56.5293,0.011527222819678107,-0.007301769599140195,0.05216792458097963,0.03632403813895668,0.04278939009070326,0.01960964682073718,0.01960964682073718,0.3156537504625674,0.14701950744639358,0.5335302830541855,0.15318093072803696,1.6454376983049896,0.21478524320293335,1.9525383892196801,0.11434470890524628,2.003889747963462,0.11615027019535584,INF966L01838,QUANT FOCUSED FUND,120835
2025-11-26,96.701,0.011527317231351697,-0.0073029716955953505,0.05217287228254941,0.036333453719669784,0.04278276697982175,0.019604245811705168,0.019604245811705168,0.31576727351892653,0.14706899248429095,0.5333155743293596,0.15312710947518027,1.6485152582481084,0.21506775493376318,3.2047935019871456,0.15444824335077834,3.2779345796873196,0.1562799204936074,INF966L01853,QUANT FOCUSED FUND,120834
2025-11-26,64.4763,0.011486553265321664,-0.008488611881288688,0.04839000785362013,0.02883553643576109,0.028805986820060303,0.004500883350937901,0.004500883350937901,0.27694300364211055,0.1300190280000202,0.4639763497941731,0.13547615974875304,1.43921659125645,0.1952261134002229,1.7985112524143316,0.10839027274066249,1.8471888578796758,0.11019208025245764,INF966L01358,QUANT FOCUSED FUND,109274
2025-11-26,64.4763,0.011486553265321664,-0.008488611881288688,0.04839000785362013,0.02883553643576109,0.028805986820060303,0.004500883350937901,0.004500883350937901,0.27694300364211055,0.1300190280000202,0.4639763497941731,0.13547615974875304,1.43921659125645,0.1952261134002229,1.7985112524143316,0.10839027274066249,1.8471888578796758,0.11019208025245764,INF966L01366,QUANT FOCUSED FUND,109274
2025-11-26,86.715,0.011487200543099263,-0.008488704214852039,0.048390509294242046,0.028835635454163677,0.028805119644643273,0.004498028999139425,0.004498028999139425,0.2767827695062195,0.12994812690947,0.46301835795739277,0.13522842936926205,1.4251399038501873,0.19384339094719105,2.7303031476247632,0.14070780385856585,2.795183095755995,0.14253055035109208,INF966L01374,QUANT FOCUSED FUND,109275
2025-11-26,20.0935,0.010282065463321333,0.012930382618339342,0.08110943721080388,0.04603523311746449,0.01438776282908849,0.00019910898728170423,0.00019910898728170423,0.4215221574509027,0.19227604079378469,0.7549214833446871,0.20619973904984912,,,,,1.0003882605925454,0.18997294066953474,INF966L01AQ6,QUANT VALUE FUND,149337
2025-11-26,20.3941,0.010329145529486494,0.014197905373820374,0.08521393945521405,0.054100292545768536,0.029105882234209624,0.016264943167378476,0.016264943167378476,0.46319082227850283,0.20962424838397764,0.8355699563475993,0.22440091908653081,,,,,1.0302131345007122,0.19439901852152097,INF966L01AO1,QUANT VALUE FUND,149338
2025-11-26,20.2036,0.010286080038404144,0.01293010523571514,0.08111174134997179,0.04603818912314139,0.014379531259413936,0.00018812067446227765,0.00018812067446227765,0.4320872141652137,0.1966984641776781,0.7679188652333326,0.2091702220785654,,,,,1.0113491557820962,0.1916052717005965,INF966L01AR4,QUANT VALUE FUND,149336
2025-11-26,21.4644,0.010322380219438765,0.014198706287593454,0.08522256153052776,0.05411418047882144,0.029092513040809953,0.01624907675700249,0.01624907675700249,0.4654268392593808,0.2105481565222347,0.8384610113745377,0.22504339957295771,,,,,1.1367604750480327,0.2098236256830095,INF966L01AN3,QUANT VALUE FUND,149335
2025-11-26,20.3941,0.010329145529486494,0.014197905373820374,0.08521393945521405,0.054100292545768536,0.029105882234209624,0.016264943167378476,0.016264943167378476,0.46319082227850283,0.20962424838397764,0.8355699563475993,0.22440091908653081,,,,,1.0302131345007122,0.19439901852152097,INF966L01AP8,QUANT VALUE FUND,149338
2025-11-26,20.2036,0.010286080038404144,0.01293010523571514,0.08111174134997179,0.04603818912314139,0.014379531259413936,0.00018812067446227765,0.00018812067446227765,0.4320872141652137,0.1966984641776781,0.7679188652333326,0.2091702220785654,,,,,1.0113491557820962,0.1916052717005965,INF966L01AS2,QUANT VALUE FUND,149336
2025-11-26,43.3726,0.0001544992724697991,0.0046954011938873386,0.014120139260720865,0.028998607364597584,0.05946783070049655,0.06675881677295914,0.06675881677295914,0.1446524946228045,0.0698843370303186,0.22370407152752114,0.06961003389835962,0.3378057845759037,0.059933488574936966,0.8788868576775457,0.0650992107434436,0.8814297488396303,0.06517882184874968,INF966L01820,QUANT LIQUID FUND,120837
2025-11-26,15.1539,0.00014519822858161113,-0.0038324502701778673,-5.2788903772471585e-05,-0.00044193501576461625,0.00025742574257425765,0.0004885617139274157,0.0004885617139274157,-0.0046960999382610336,-0.002350813130317375,-0.006060486806635068,-0.002024257120893158,-0.003622854888552851,-0.0007256232721303268,0.005127150683841286,0.0005115359500809102,0.0005083783391213181,5.077754876148255e-05,INF966L01291,QUANT LIQUID FUND,103228
2025-11-26,13.2392,-3.776520616016743e-05,-0.0008452575016604236,-0.0024713682941530646,-0.004421717551511439,-0.003034752814488506,-0.002621666415549062,-0.002621666415549062,7.55338353819468e-06,3.776684637468719e-06,-0.0007095089292452617,-0.0002365589321308148,-0.042199312714776616,-0.008586042284324469,-0.040324743575803734,-0.004107573378470564,-0.039858435831979566,-0.004055315284453576,INF966L01770,QUANT LIQUID FUND,120836
2025-11-26,14.6355,0.00015717683076843514,-0.0004507550146494177,0.0006495282373855105,0.0018276655166749034,0.013152884981482149,0.014817845206562374,0.014817845206562374,0.030081432422350618,0.014929274591264585,0.04204343182627279,0.0138225344931302,0.020435910307898375,0.004054175836147644,0.07263785875524031,0.0070367325887343846,0.07263785875524031,0.007029972487290648,INF966L01804,QUANT LIQUID FUND,120839
2025-11-26,14.6355,0.00015717683076843514,-0.0004507550146494177,0.0006495282373855105,0.0018276655166749034,0.013152884981482149,0.014817845206562374,0.014817845206562374,0.030081432422350618,0.014929274591264585,0.04204343182627279,0.0138225344931302,0.020435910307898375,0.004054175836147644,0.07263785875524031,0.0070367325887343846,0.07263785875524031,0.007029972487290648,INF966L01788,QUANT LIQUID FUND,120839
2025-11-26,14.481,0.00015194629389170267,-0.0007107712903604568,-0.00010357327809429329,0.00033848895766119824,0.06592371222047189,0.06707047484304529,0.06707047484304529,0.07691850044992443,0.03774683832326109,0.08358275965279849,0.02711884036501555,0.049697725328732734,0.009747650269573915,0.06807788759404043,0.0066078024622922005,0.06794398106152788,0.006588847233945261,INF966L01283,QUANT LIQUID FUND,103227
2025-11-26,12.7452,-4.7074330367546935e-05,-0.0012224938875304847,-0.003674113913165744,-0.006841736148990862,-0.00735225396429795,-0.007375446849274492,-0.007375446849274492,-0.009081013839216223,-0.004550862092500552,-0.011785503830288646,-0.0039440362483081914,-0.061528039585296845,-0.012620149594555485,-0.0709276727267425,-0.007329873304184997,-0.07046691074580269,-0.007273709453906263,INF966L01275,QUANT LIQUID FUND,103226
2025-11-26,15.1539,0.00014519822858161113,-0.0038324502701778673,-5.2788903772471585e-05,-0.00044193501576461625,0.00025742574257425765,0.0004885617139274157,0.0004885617139274157,-0.0046960999382610336,-0.002350813130317375,-0.006060486806635068,-0.002024257120893158,-0.003622854888552851,-0.0007256232721303268,0.005127150683841286,0.0005115359500809102,0.0005083783391213181,5.077754876148255e-05,INF966L01309,QUANT LIQUID FUND,103228
2025-11-26,15.7086,0.00015280589830757307,-0.0033373093419283295,0.0010323468685478066,0.0017281510059625749,0.003924024745641352,0.004598156900113226,0.004598156900113226,0.003776478481740675,0.0018864598754395612,0.006490552497869562,0.002158853496982749,0.014243285123967109,0.0028325646615317,0.03553158949477897,0.003497593144179856,0.0308089060377581,0.0030360786399221684,INF966L01796,QUANT LIQUID FUND,120838
2025-11-26,42.2174,0.0001468804487907427,0.004475449269913945,0.013442989720913845,0.027632405275277216,0.05687499217684078,0.06387150100295336,0.06387150100295336,0.13865963254253377,0.06707995602135353,0.21420785458519664,0.06683604161281398,0.31966078065461945,0.05704253131795678,0.8373205325163093,0.06271911644364825,0.8398106909084568,0.06280102914044816,INF966L01317,QUANT LIQUID FUND,103225
2025-11-26,15.7086,0.00015280589830757307,-0.0033373093419283295,0.0010323468685478066,0.0017281510059625749,0.003924024745641352,0.004598156900113226,0.004598156900113226,0.003776478481740675,0.0018864598754395612,0.006490552497869562,0.002158853496982749,0.014243285123967109,0.0028325646615317,0.03553158949477897,0.003497593144179856,0.0308089060377581,0.0030360786399221684,INF966L01812,QUANT LIQUID FUND,120838
2025-11-26,14.481,0.00015194629389170267,-0.0007107712903604568,-0.00010357327809429329,0.00033848895766119824,0.06592371222047189,0.06707047484304529,0.06707047484304529,0.07691850044992443,0.03774683832326109,0.08358275965279849,0.02711884036501555,0.049697725328732734,0.009747650269573915,0.06807788759404043,0.0066078024622922005,0.06794398106152788,0.006588847233945261,INF966L01499,QUANT LIQUID FUND,103227
2025-11-26,15.2782,0.012049310095851418,-0.006541472676671822,0.05619655313059524,0.05716124300274705,0.04269549431500219,0.029458931338858685,0.029458931338858685,0.34492381094904,0.1597085025768501,0.4943612515771867,0.14327805128024584,,,,,0.5264309478374678,0.13713941606551705,INF966L01AY0,QUANT LARGE CAP FUND,150442
2025-11-26,15.2782,0.012049310095851418,-0.006541472676671822,0.05619655313059524,0.05716124300274705,0.04269549431500219,0.029458931338858685,0.029458931338858685,0.34492381094904,0.1597085025768501,0.4943612515771867,0.14327805128024584,,,,,0.5264309478374678,0.13713941606551705,INF966L01AX2,QUANT LARGE CAP FUND,150442
2025-11-26,16.2612,0.012086886164187405,-0.005339939443985808,0.0600797934757098,0.06500923463840813,0.06697286834421434,0.05491511349555944,0.05491511349555944,0.3989693471097844,0.18278034609549731,0.5810751684508355,0.16497741511002895,,,,,0.6243656850601349,0.158831210056394,INF966L01AU8,QUANT LARGE CAP FUND,150439
2025-11-26,16.1936,0.01208102348080975,-0.005337673904364126,0.060088899363040627,0.06501808615586979,0.06260006824326103,0.05059102881833155,0.05059102881833155,0.39348931666222065,0.18046148461617362,0.5748699246292244,0.16345135510109876,,,,,0.6176129779837776,0.15736522523177854,INF966L01AT0,QUANT LARGE CAP FUND,150440
2025-11-26,15.3658,0.012046446989705473,-0.006536539319449974,0.05619939236469129,0.0571658559742414,0.04830907986928379,0.035019769768084075,0.035019769768084075,0.3524565634516874,0.16295165998062333,0.5028706121690483,0.14544400625471865,,,,,0.5351829834850286,0.13911668893239892,INF966L01AW4,QUANT LARGE CAP FUND,150441
2025-11-26,16.2612,0.012086886164187405,-0.005339939443985808,0.0600797934757098,0.06500923463840813,0.06697286834421434,0.05491511349555944,0.05491511349555944,0.3989693471097844,0.18278034609549731,0.5810751684508355,0.16497741511002895,,,,,0.6243656850601349,0.158831210056394,INF966L01AV6,QUANT LARGE CAP FUND,150439
2025-11-26,9.6836,0.006988062060646394,-0.028219332048811774,0.0017586328181573574,-0.06004542719030881,-0.07755032054640543,-0.11101726812878099,-0.11101726812878099,,,,,,,,,-0.031446289257851534,-0.017241917675332008,INF966L01DM9,Quant Consumption Fund,152337
2025-11-26,9.9657,0.007033073635068332,-0.027043650599939406,0.00544810678289287,-0.053131146139155816,-0.06512256212534828,-0.0976939165391546,-0.0976939165391546,,,,,,,,,-0.003320365240176537,-0.0018087664997427089,INF966L01DO5,Quant Consumption Fund,152339
2025-11-26,9.9657,0.007033073635068332,-0.027043650599939406,0.00544810678289287,-0.053131146139155816,-0.06512256212534828,-0.0976939165391546,-0.0976939165391546,,,,,,,,,-0.003320365240176537,-0.0018087664997427089,INF966L01DP2,Quant Consumption Fund,152339
2025-11-26,9.6797,0.006990897269180785,-0.02822062484940968,0.0017593426268021073,-0.060049912119711335,-0.07755277076285305,-0.1109998806057878,-0.1109998806057878,,,,,,,,,-0.031836367273454624,-0.01745738526311924,INF966L01DI7,Quant Consumption Fund,152338
2025-11-26,9.6836,0.006988062060646394,-0.028219332048811774,0.0017586328181573574,-0.06004542719030881,-0.07755032054640543,-0.11101726812878099,-0.11101726812878099,,,,,,,,,-0.031446289257851534,-0.017241917675332008,INF966L01DL1,Quant Consumption Fund,152337
2025-11-26,9.9607,0.007026447751536713,-0.02703785103785117,0.005430558499631477,-0.05313839748281801,-0.06511802524754806,-0.0976809493613553,-0.0976809493613553,,,,,,,,,-0.0038204202462271963,-0.002081408841527743,INF966L01DN7,Quant Consumption Fund,152336
2025-11-26,12.0578,0.00014100745680600824,0.004138872927440529,0.012664819014025275,0.025724347959235727,0.05095352647909901,0.05778526374889248,0.05778526374889248,0.13096656192843414,0.06346911658422605,,,,,,,0.20558710606302988,0.06546062922215623,INF966L01BD2,QUANT OVERNIGHT FUND,151191
2025-11-26,12.1114,0.00014038332906674,0.004195409923056559,0.01285364242287379,0.026120256542772502,0.0516928474049374,0.05860552928528362,0.05860552928528362,0.132880607625248,0.06436864272922294,,,,,,,0.2109583562465629,0.06643107250756874,INF966L01BB6,QUANT OVERNIGHT FUND,151193
2025-11-26,12.0578,0.00014100745680600824,0.004138872927440529,0.012664819014025275,0.025724347959235727,0.05095352647909901,0.05778526374889248,0.05778526374889248,0.13096656192843414,0.06346911658422605,,,,,,,0.20558710606302988,0.06546062922215623,INF966L01BE0,QUANT OVERNIGHT FUND,151191
2025-11-26,12.0698,0.00014086724505113501,0.004134740975532791,0.012660564313820899,0.02571554830375966,0.05091858946451899,0.05775230483401694,0.05775230483401694,0.13071338235982966,0.06335007516801805,,,,,,,0.20679898015297704,0.06519885223211119,INF966L01BC4,QUANT OVERNIGHT FUND,151195
2025-11-26,12.1114,0.00014038332906674,0.004195409923056559,0.01285364242287379,0.026120256542772502,0.0516928474049374,0.05860552928528362,0.05860552928528362,0.132880607625248,0.06436864272922294,,,,,,,0.2109583562465629,0.06643107250756874,INF966L01BA8,QUANT OVERNIGHT FUND,151193
2025-11-26,12.1072,0.0001321702352630183,0.004196871423121085,0.012849685450408321,0.0261208576998051,0.05167516482371037,0.05859002719220796,0.05859002719220796,0.13261487801227356,0.06424380571947585,,,,,,,0.21053841923711447,0.06630679331582079,INF966L01AZ7,QUANT OVERNIGHT FUND,151190
2025-11-26,38.2597,0.012268494020531318,-0.01859452193943245,0.0626100529365039,0.028685659590028223,-0.02392997548325526,-0.004713729387189058,-0.004713729387189058,0.3629617754978447,0.1674595391266649,0.5920182089030552,0.16765894392711966,2.71233541300783,0.2999583610460004,4.691121126928169,0.18992553119063138,4.761482396169021,0.19118883923703267,INF966L01523,QUANT INFRASTRUCTURE FUND,106170
2025-11-26,42.1393,0.012299620681619938,-0.017594535366251662,0.06588136497810781,0.03501524057012739,-0.013045626904439112,0.007570051670504396,0.007570051670504396,0.3971406878396344,0.1820070591327425,0.6574223389945169,0.18343496363434042,2.959716218755873,0.3168394008427027,5.243969298245614,0.20100848565483687,5.321147845913836,0.20227255186894277,INF966L01705,QUANT INFRASTRUCTURE FUND,120832
2025-11-26,42.1726,0.012299508883778731,-0.017594617952427116,0.06588787763138271,0.03502472665693146,-0.013021601254417314,0.007592916463583732,0.007592916463583732,0.39729504068704125,0.18207235002221478,0.6576888909852756,0.18349840150594443,2.947969032306382,0.31605714541672425,5.261149711978146,0.20133853722377304,5.338598890776007,0.20260373901146433,INF966L01721,QUANT INFRASTRUCTURE FUND,120833
2025-11-26,38.1734,0.012267042863052469,-0.018595407836654587,0.06260073209091277,0.02868306879732674,-0.023930369502905835,-0.004711360715021429,-0.004711360715021429,0.3632821567724125,0.16759674407408842,0.5920442412918725,0.16766530834049642,2.7165472388815326,0.3002532005251466,4.697267286539408,0.19005397548664948,4.76768149882904,0.1913168212791534,INF966L01507,QUANT INFRASTRUCTURE FUND,106169
2025-11-26,38.1734,0.012267042863052469,-0.018595407836654587,0.06260073209091277,0.02868306879732674,-0.023930369502905835,-0.004711360715021429,-0.004711360715021429,0.3632821567724125,0.16759674407408842,0.5920442412918725,0.16766530834049642,2.7165472388815326,0.3002532005251466,4.697267286539408,0.19005397548664948,4.76768149882904,0.1913168212791534,INF966L01515,QUANT INFRASTRUCTURE FUND,106169
2025-11-26,42.1393,0.012299620681619938,-0.017594535366251662,0.06588136497810781,0.03501524057012739,-0.013045626904439112,0.007570051670504396,0.007570051670504396,0.3971406878396344,0.1820070591327425,0.6574223389945169,0.18343496363434042,2.959716218755873,0.3168394008427027,5.243969298245614,0.20100848565483687,5.321147845913836,0.20227255186894277,INF966L01713,QUANT INFRASTRUCTURE FUND,120832
2025-11-26,140.3006,0.009504265730894579,0.015259950300958502,0.09022315676922354,0.09780174552078469,0.12729274132639135,0.1295035036195482,0.1295035036195482,0.5372308487932296,0.23985113977171846,0.7404754963683391,0.2028809244087595,2.1576334280094165,0.25855541394869896,4.148494723090698,0.17806167378755489,4.139630299877646,0.1776741121169465,INF966L01184,QUANT MULTI ASSET Allocation FUND,101071
2025-11-26,151.9998,0.00953681460164102,0.016257466493546202,0.09348598034024724,0.10448756795877334,0.14012790451716284,0.14374397558404373,0.14374397558404373,0.5780071197283332,0.2561875336622048,0.8158553048132176,0.2200016359409258,2.4048608933291518,0.2776734629687567,4.57781055968999,0.1875348841932738,4.56820696173318,0.1871351036740585,INF966L01564,QUANT MULTI ASSET Allocation FUND,120820
2025-11-26,153.0507,0.00950400303938137,0.01525967112503257,0.09022972007473795,0.09780891111195578,0.12730330102064502,0.12951295742113555,0.12951295742113555,0.5385505422348036,0.24038322394121558,0.7423745137482456,0.20331824962998657,2.1556129654791336,0.25839431132541346,4.141295109997347,0.1778968308440858,4.132416064170837,0.17750886186966697,INF966L01200,QUANT MULTI ASSET Allocation FUND,101072
2025-11-26,140.3006,0.009504265730894579,0.015259950300958502,0.09022315676922354,0.09780174552078469,0.12729274132639135,0.1295035036195482,0.1295035036195482,0.5372308487932296,0.23985113977171846,0.7404754963683391,0.2028809244087595,2.1576334280094165,0.25855541394869896,4.148494723090698,0.17806167378755489,4.139630299877646,0.1776741121169465,INF966L01192,QUANT MULTI ASSET Allocation FUND,101071
2025-11-26,151.9998,0.00953681460164102,0.016257466493546202,0.09348598034024724,0.10448756795877334,0.14012790451716284,0.14374397558404373,0.14374397558404373,0.5780071197283332,0.2561875336622048,0.8158553048132176,0.2200016359409258,2.4048608933291518,0.2776734629687567,4.57781055968999,0.1875348841932738,4.56820696173318,0.1871351036740585,INF966L01572,QUANT MULTI ASSET Allocation FUND,120820
2025-11-26,164.9302,0.009537124147880993,0.016259015413623068,0.09348985474961102,0.10449680263530636,0.14012856415038644,0.1437441921748659,0.1437441921748659,0.5781888121256198,0.2562598505586413,0.8164819128490639,0.2201419508861877,2.4057558918700144,0.27774062551703294,4.540352515544747,0.18673496933758837,4.530784295314618,0.1863355994523379,INF966L01580,QUANT MULTI ASSET Allocation FUND,120821
2025-11-26,16.7423,0.012286037329721555,-0.0014016629090171095,0.0399913035375965,0.013174297713711702,0.044950412243089266,0.04225080305784501,0.04225080305784501,0.3841873770193627,0.17651492851530048,,,,,,,0.6730421400805429,0.21678798955656964,INF966L01BP6,Quant Dynamic Asset Allocation Fund,151715
2025-11-26,17.4234,0.012323299227832818,-0.00024099703917923598,0.04364858308325403,0.020350318284834135,0.058735598658305355,0.05747614770216791,0.05747614770216791,0.4256584815036044,0.194009414327879,,,,,,,0.7409472422062353,0.23538594412551683,INF966L01BL5,Quant Dynamic Asset Allocation Fund,151713
2025-11-26,17.418,0.01232128327327664,-0.00024107173606091603,0.04363769270867657,0.020326870130630725,0.05867122113695622,0.057411533301360285,0.057411533301360285,0.42548490056469435,0.19393672385294125,,,,,,,0.7404076738609113,0.2352399518526258,INF966L01BN1,Quant Dynamic Asset Allocation Fund,151712
2025-11-26,16.7423,0.012286037329721555,-0.0014016629090171095,0.0399913035375965,0.013174297713711702,0.044950412243089266,0.04225080305784501,0.04225080305784501,0.3841873770193627,0.17651492851530048,,,,,,,0.6730421400805429,0.21678798955656964,INF966L01BQ4,Quant Dynamic Asset Allocation Fund,151715
2025-11-26,16.7407,0.012281104876160853,-0.0014077533806957643,0.039988817792135034,0.01316944156968125,0.04496142418416538,0.042255011829162026,0.042255011829162026,0.38407798134797266,0.1764684361885671,,,,,,,0.6728822535999441,0.2167436534723588,INF966L01BO9,Quant Dynamic Asset Allocation Fund,151714
2025-11-26,17.418,0.01232128327327664,-0.00024107173606091603,0.04363769270867657,0.020326870130630725,0.05867122113695622,0.057411533301360285,0.057411533301360285,0.42548490056469435,0.19393672385294125,,,,,,,0.7404076738609113,0.2352399518526258,INF966L01BM3,Quant Dynamic Asset Allocation Fund,151712
2025-11-26,14.8636,0.00893978373461679,0.029320923532915044,0.061738801225775575,0.014691024275688802,0.041174575155157545,0.020263035062189294,0.020263035062189294,0.4828456557957641,0.2177215017382932,,,,,,,0.4840300727857263,0.21641220798618277,INF966L01DB2,Quant Momentum Fund,152192
2025-11-26,14.4439,0.00890587019083,0.02834299221119485,0.05868857745983336,0.008821310834217888,0.02995621728775366,0.00803277315616091,0.00803277315616091,0.4413056060031533,0.20054387924938144,,,,,,,0.4422554619163639,0.19929728039055417,INF966L01CY6,Quant Momentum Fund,152191
2025-11-26,14.4439,0.00890587019083,0.02834299221119485,0.05868857745983336,0.008821310834217888,0.02995621728775366,0.00803277315616091,0.00803277315616091,0.4413056060031533,0.20054387924938144,,,,,,,0.4422554619163639,0.19929728039055417,INF966L01CX8,Quant Momentum Fund,152191
2025-11-26,14.8782,0.00893777464330281,0.02932691309852431,0.06175024441764365,0.014710997442455298,0.041212655623438454,0.02029872035769631,0.02029872035769631,0.48430220377704836,0.21831941779528763,,,,,,,0.485487784178839,0.21700501675804373,INF966L01CZ3,Quant Momentum Fund,152189
2025-11-26,14.8636,0.00893978373461679,0.029320923532915044,0.061738801225775575,0.014691024275688802,0.041174575155157545,0.020263035062189294,0.020263035062189294,0.4828456557957641,0.2177215017382932,,,,,,,0.4840300727857263,0.21641220798618277,INF966L01DA4,Quant Momentum Fund,152192
2025-11-26,14.4898,0.008905506931534246,0.028338242077995845,0.05866966712452881,0.00880014481250968,0.029968297294607815,0.008049199602061963,0.008049199602061963,0.4458858043786298,0.20244991761762354,,,,,,,0.44683867875544214,0.20118709969340265,INF966L01CW0,Quant Momentum Fund,152190
2025-11-26,10.7417,0.009558270676691683,0.020065714502772947,0.09584583052784068,0.014315256702014167,0.03707386775056243,-0.0030164652596017527,-0.0030164652596017527,,,,,,,,,0.07434189470315244,0.041508303230235466,INF966L01DV0,Quant PSU Fund,152416
2025-11-26,10.7351,0.009554709173837272,0.020078298713392506,0.09586565945283798,0.014343352262526698,0.0370874874410696,-0.0029997956795513314,-0.0029997956795513314,,,,,,,,,0.07368178908625378,0.041145312299975645,INF966L01DT4,Quant PSU Fund,152415
2025-11-26,10.4677,0.009509021998052036,0.01893275707666575,0.09220575959933242,0.007546225443485044,0.024236790606653624,-0.01672036596935844,-0.01672036596935844,,,,,,,,,0.047031757939485,0.026408875820630673,INF966L01DQ0,Quant PSU Fund,152413
2025-11-26,10.7417,0.009558270676691683,0.020065714502772947,0.09584583052784068,0.014315256702014167,0.03707386775056243,-0.0030164652596017527,-0.0030164652596017527,,,,,,,,,0.07434189470315244,0.041508303230235466,INF966L01DU2,Quant PSU Fund,152416
2025-11-26,10.4673,0.009519125050633459,0.018933494276146767,0.09220960808047063,0.007546515993031022,0.02422771705627369,-0.016730230897852638,-0.016730230897852638,,,,,,,,,0.04699174793698413,0.02638663058185453,INF966L01DR8,Quant PSU Fund,152414
2025-11-26,10.4673,0.009519125050633459,0.018933494276146767,0.09220960808047063,0.007546515993031022,0.02422771705627369,-0.016730230897852638,-0.016730230897852638,,,,,,,,,0.04699174793698413,0.02638663058185453,INF966L01DS6,Quant PSU Fund,152414
2025-11-26,25.57,0.011571555731381578,0.03340688830152683,0.0924175880513356,0.06719532554257102,0.09051207581127363,0.07497950518151053,0.07497950518151053,0.4073886528257855,0.18633412360337398,0.8050516031568988,0.2175772944097183,,,,,1.550826998663235,0.22758875046065996,INF966L01AK9,QUANT QUANTAMENTAL FUND,148925
2025-11-26,23.8493,0.011536520297065422,0.032294227639461104,0.08884505987682201,0.06012437379704583,0.07698039251104105,0.06022334249108674,0.06022334249108674,0.3700588826655178,0.1704951442297904,0.7298773455576753,0.20043441344942892,,,,,1.3796471832531778,0.20905699113745424,INF966L01AJ1,QUANT QUANTAMENTAL FUND,148922
2025-11-26,23.8493,0.011536520297065422,0.032294227639461104,0.08884505987682201,0.06012437379704583,0.07698039251104105,0.06022334249108674,0.06022334249108674,0.3700588826655178,0.1704951442297904,0.7298773455576753,0.20043441344942892,,,,,1.3796471832531778,0.20905699113745424,INF966L01AI3,QUANT QUANTAMENTAL FUND,148922
2025-11-26,23.8216,0.011532908704883216,0.032288258618074606,0.08884307908894362,0.060123005171201394,0.07699402312985448,0.060236245004050115,0.060236245004050115,0.3699550280068551,0.1704507798309398,0.7290470556640269,0.20024232505848039,,,,,1.3768833190317498,0.2087493515961012,INF966L01AH5,QUANT QUANTAMENTAL FUND,148923
2025-11-26,25.7113,0.011570904741670995,0.03340407231453124,0.09241044684168709,0.06717774604861204,0.09049228720358649,0.07495902735968984,0.07495902735968984,0.40778155576361863,0.18649970744354527,0.8132854704712471,0.21942584074826343,,,,,1.5649228866143932,0.22907100698994243,INF966L01AM5,QUANT QUANTAMENTAL FUND,148924
2025-11-26,25.7113,0.011570904741670995,0.03340407231453124,0.09241044684168709,0.06717774604861204,0.09049228720358649,0.07495902735968984,0.07495902735968984,0.40778155576361863,0.18649970744354527,0.8132854704712471,0.21942584074826343,,,,,1.5649228866143932,0.22907100698994243,INF966L01AL7,QUANT QUANTAMENTAL FUND,148924
2025-11-26,19.7698,0.009224517716485359,0.016818565227230797,0.11965158491485006,0.1637577334455702,0.23794912898095166,0.2508889816888753,0.2508889816888753,0.5800418791259732,0.25699716750912893,,,,,,,0.9747090845527644,0.322540269246375,INF966L01BZ5,Quant BFSI Fund,151790
2025-11-26,18.982,0.00917626293236351,0.01552009159047496,0.11535478412108957,0.15479847908745237,0.22037777577760354,0.23119831360467002,0.23119831360467002,0.5298071421087838,0.2368537270464861,,,,,,,0.8961900385591273,0.3006759863787334,INF966L01CB4,Quant BFSI Fund,151789
2025-11-26,18.9835,0.009180896080974721,0.01552427875228024,0.11535772410267864,0.1548054286531173,0.22038006094346652,0.23120776205362348,0.23120776205362348,0.52943498682737,0.23670327355731136,,,,,,,0.8963398797274889,0.30071821401448195,INF966L01CA6,Quant BFSI Fund,151788
2025-11-26,19.7472,0.009224856516428348,0.016822429906542036,0.11965889503764848,0.16377008893053513,0.2379835873388041,0.25093120486507026,0.25093120486507026,0.5793969447332639,0.25674060359855644,,,,,,,0.9724516805673475,0.32191889987662936,INF966L01BX0,Quant BFSI Fund,151791
2025-11-26,19.7698,0.009224517716485359,0.016818565227230797,0.11965158491485006,0.1637577334455702,0.23794912898095166,0.2508889816888753,0.2508889816888753,0.5800418791259732,0.25699716750912893,,,,,,,0.9747090845527644,0.322540269246375,INF966L01BY8,Quant BFSI Fund,151790
2025-11-26,18.982,0.00917626293236351,0.01552009159047496,0.11535478412108957,0.15479847908745237,0.22037777577760354,0.23119831360467002,0.23119831360467002,0.5298071421087838,0.2368537270464861,,,,,,,0.8961900385591273,0.3006759863787334,INF966L01CC2,Quant BFSI Fund,151789
2025-11-26,59.5095,0.013496942963707292,0.00418484176067091,0.06461065621427653,0.01781838519387624,0.006787540836058703,0.016467561926299945,0.016467561926299945,0.3455285839611464,0.15996921681618193,0.6059299278661274,0.17105024839932614,1.873133968057782,0.23501199401611372,2.73437460779638,0.14083224593977817,2.7880736105718125,0.14231654545908667,INF966L01622,QUANT LARGE & MID CAP FUND,120825
2025-11-26,116.2218,0.013463809037145724,0.0031989310425786233,0.0614570651742079,0.011734616596647873,-0.004412486540245619,0.003932916690061461,0.003932916690061461,0.31194355862847467,0.14540104706974777,0.5420514991050613,0.155312908880882,1.6687041761289922,0.21691455920212377,3.4757672267386557,0.16168063334158678,3.540126880947544,0.1631718838459255,INF966L01341,QUANT LARGE & MID CAP FUND,104513
2025-11-26,59.5095,0.013496942963707292,0.00418484176067091,0.06461065621427653,0.01781838519387624,0.006787540836058703,0.016467561926299945,0.016467561926299945,0.3455285839611464,0.15996921681618193,0.6059299278661274,0.17105024839932614,1.873133968057782,0.23501199401611372,2.73437460779638,0.14083224593977817,2.7880736105718125,0.14231654545908667,INF966L01630,QUANT LARGE & MID CAP FUND,120825
2025-11-26,127.8045,0.01349695684066532,0.004438076765288956,0.06487155751562046,0.018071324617101592,0.007032431921331295,0.016706654659661924,0.016706654659661924,0.34582477304485826,0.1600968808874792,0.6093832048264687,0.17188902839320552,1.8781167240167909,0.2354400630857738,3.8654436229908864,0.17141894771020505,3.935394180456064,0.17291302926373175,INF966L01648,QUANT LARGE & MID CAP FUND,120826
2025-11-26,70.9415,0.013464478063972551,0.0031987419978420917,0.061448710697752595,0.011728616026161154,-0.004417854982647018,0.003934138558095768,0.003934138558095768,0.3140429583308637,0.14631712816779618,0.5453913717835888,0.15614639069325786,1.6838537115012846,0.21829305371698715,2.6280160378033943,0.1375406361361724,2.680187377442081,0.1390238574325271,INF966L01325,QUANT LARGE & MID CAP FUND,104514
2025-11-26,70.9415,0.013464478063972551,0.0031987419978420917,0.061448710697752595,0.011728616026161154,-0.004417854982647018,0.003934138558095768,0.003934138558095768,0.3140429583308637,0.14631712816779618,0.5453913717835888,0.15614639069325786,1.6838537115012846,0.21829305371698715,2.6280160378033943,0.1375406361361724,2.680187377442081,0.1390238574325271,INF966L01333,QUANT LARGE & MID CAP FUND,104514
2025-11-26,15.9399,0.012474989678279869,0.023612591669770477,0.05488898448099011,-0.0072371248310612035,-0.046063340834011535,-0.07290049030727086,-0.07290049030727086,0.22537322611890964,0.10696577459238088,,,,,,,0.5924294191692141,0.20531797183041722,INF966L01BU6,QUANT BUSINESS CYCLE FUND,151758
2025-11-26,16.5715,0.012519399264355524,0.024886975774780273,0.05885472575780826,0.0003259668841792962,-0.032411570305839965,-0.05823951626194135,-0.05823951626194135,0.2636977160941014,0.12414310303186116,,,,,,,0.655378744743125,0.2242204587669534,INF966L01BR2,QUANT BUSINESS CYCLE FUND,151757
2025-11-26,16.56,0.012522011348072626,0.02487931674712196,0.05883029942646689,0.000302023557837483,-0.03246726689530677,-0.058299024179423675,-0.058299024179423675,0.2628978013681391,0.12378725805560675,,,,,,,0.654229973927897,0.22387939568142445,INF966L01BS0,QUANT BUSINESS CYCLE FUND,151759
2025-11-26,16.56,0.012522011348072626,0.02487931674712196,0.05883029942646689,0.000302023557837483,-0.03246726689530677,-0.058299024179423675,-0.058299024179423675,0.2628978013681391,0.12378725805560675,,,,,,,0.654229973927897,0.22387939568142445,INF966L01BT8,QUANT BUSINESS CYCLE FUND,151759
2025-11-26,15.9552,0.012475727539248416,0.023615682198741217,0.05488925619834717,-0.00723641228261207,-0.04606683128359357,-0.07290571124759593,-0.07290571124759593,0.22689838132953977,0.10765445032714949,,,,,,,0.5939579212371875,0.20578220009281312,INF966L01BW2,QUANT BUSINESS CYCLE FUND,151760
2025-11-26,15.9552,0.012475727539248416,0.023615682198741217,0.05488925619834717,-0.00723641228261207,-0.04606683128359357,-0.07290571124759593,-0.07290571124759593,0.22689838132953977,0.10765445032714949,,,,,,,0.5939579212371875,0.20578220009281312,INF966L01BV4,QUANT BUSINESS CYCLE FUND,151760
